#;;;;;;;;;;;;;;;;;;;;;;;;;;
#;;;;;;;;;;;;;;;;;;;;;;;;;;
#;;Número de cuenta;ES97 3025 0010 2514 0007 0348 (CUENTA CORRIENTE);;;;;;;;;;;;;;;;;;;;;;;
#;;Titulares;CARLOS GHABROUS LARREA;;;;;;;;;;;;;;;;;;;;;;;
#;;;VANESSA MUÑOZ CASTELLO;;;;;;;;;;;;;;;;;;;;;;;
#;;Saldo actual;275,50;;;;;;;;;;;;;;;;;;;;;;;
#;;Fecha desde;01/01/2026;;;;;;;;;;;;;;;;;;;;;;;
#;;Fecha hasta;31/08/2026;;;;;;;;;;;;;;;;;;;;;;;
#;;;;;;;;;;;;;;;;;;;;;;;;;;
;;FECHA DE OPERACIÓN;CONCEPTO;FECHA VALOR;IMPORTE;SALDO;;;;;;;;;;;;;;;;;;;;
;;31/08/2026;TARJETA *8353 MERCADONA AVDA.BALEARES;31/08/2026;-66,86;1.616,93;;;;;;;;;;;;;;;;;;;;
;;31/08/2026;TRANSFERENCIA A: EDUCARTE PROYECTOS FORM;31/08/2026;-83,00;1.683,79;;;;;;;;;;;;;;;;;;;;
;;31/08/2026;TARJETA *8353 ITV MASSALFASSAR;31/08/2026;-41,47;1.766,79;;;;;;;;;;;;;;;;;;;;
;;31/08/2026;R/ TGSS. COTIZACION 138 REG.GRAL. (SIST.;31/08/2026;-278,12;1.808,26;;;;;;;;;;;;;;;;;;;;
;;31/08/2026;R/ TGSS. COTIZACION 005 R.E.AUTONOMOS;31/08/2026;-88,56;2.086,38;;;;;;;;;;;;;;;;;;;;
;;31/08/2026;TARJETA *0085 ALDI AVD BALEARES;30/08/2026;-13,59;2.174,94;;;;;;;;;;;;;;;;;;;;
;;31/08/2026;TARJETA *8353 AIRBNB * HMXB3ZKZRH;30/08/2026;-363,00;2.188,53;;;;;;;;;;;;;;;;;;;;
;;31/08/2026;BIZUM DE: Cristina Parra Cortes;30/08/2026;5,00;2.551,53;;;;;;;;;;;;;;;;;;;;
;;31/08/2026;TARJETA *8353 ALDI ALTURA;29/08/2026;-31,87;2.546,53;;;;;;;;;;;;;;;;;;;;
;;31/08/2026;TARJETA *0085 ALDI ALTURA;29/08/2026;-23,54;2.578,40;;;;;;;;;;;;;;;;;;;;
;;31/08/2026;TARJETA *0085 RTE PARQUE MUNICIPAL;29/08/2026;-4,50;2.601,94;;;;;;;;;;;;;;;;;;;;
;;31/08/2026;TARJETA *8353 TOURIST INFO ALTURA;29/08/2026;-12,00;2.606,44;;;;;;;;;;;;;;;;;;;;
;;28/08/2026;R/ MARIA ISABEL MUNOZ PALOMO;28/08/2026;-1.358,40;2.618,44;;;;;;;;;;;;;;;;;;;;
;;28/08/2026;TRASPASO A CTA DE: CARLOS GHABROUS LARRE;28/08/2026;3.500,00;3.976,84;;;;;;;;;;;;;;;;;;;;
;;27/08/2026;TARJETA *8353 Amazon Prime;27/08/2026;-4,99;476,84;;;;;;;;;;;;;;;;;;;;
;;27/08/2026;TARJETA *8353 EL CORTE INGLES AV DE FR;27/08/2026;-4,20;481,83;;;;;;;;;;;;;;;;;;;;
;;27/08/2026;TARJETA *0085 KOVA COFFEE & CAKES;27/08/2026;-11,90;486,03;;;;;;;;;;;;;;;;;;;;
;;26/08/2026;TARJETA *8353 PUNTO FRESCO;26/08/2026;-16,02;497,93;;;;;;;;;;;;;;;;;;;;
;;26/08/2026;TARJETA *8353 MERCADONA AVDA.BALEARES;26/08/2026;-47,25;513,95;;;;;;;;;;;;;;;;;;;;
;;25/08/2026;BIZUM DE: ISABEL FLOR DE LIS MINGUEZ;25/08/2026;13,50;561,20;;;;;;;;;;;;;;;;;;;;
;;25/08/2026;TARJETA *0085 BAR PINOCHO;25/08/2026;-45,50;547,70;;;;;;;;;;;;;;;;;;;;
;;25/08/2026;TARJETA *0085 ALDI AVD BALEARES;25/08/2026;-56,99;593,20;;;;;;;;;;;;;;;;;;;;
;;25/08/2026;TARJETA *8353 WWW.AMAZON;25/08/2026;-9,99;650,19;;;;;;;;;;;;;;;;;;;;
;;24/08/2026;TARJETA *8353 VALENCIA SUC 22;24/08/2026;-1,86;660,18;;;;;;;;;;;;;;;;;;;;
;;24/08/2026;TARJETA *8353 ALDI AVD BALEARES;23/08/2026;-30,24;662,04;;;;;;;;;;;;;;;;;;;;
;;24/08/2026;TARJETA *8353 BAR RESTAURANTE ANA 3;23/08/2026;-26,80;692,28;;;;;;;;;;;;;;;;;;;;
;;21/08/2026;R/ VOLKSWAGEN RENTING S.A.;21/08/2026;-19,00;719,08;;;;;;;;;;;;;;;;;;;;
;;20/08/2026;TARJETA *8353 PUNTO FRESCO;20/08/2026;-10,43;738,08;;;;;;;;;;;;;;;;;;;;
;;20/08/2026;TARJETA *8353 MERCADONA AVDA.BALEARES;20/08/2026;-53,75;748,51;;;;;;;;;;;;;;;;;;;;
;;20/08/2026;TARJETA *8353 FARMACIA BALEARES 45;20/08/2026;-4,40;802,26;;;;;;;;;;;;;;;;;;;;
;;19/08/2026;R/ ACNUR;19/08/2026;-12,00;806,66;;;;;;;;;;;;;;;;;;;;
;;18/08/2026;TARJETA *0085 ALDI AVD BALEARES;18/08/2026;-35,93;818,66;;;;;;;;;;;;;;;;;;;;
;;17/08/2026;TARJETA *8353 MERCADONA AVDA.BALEARES;17/08/2026;-49,54;854,59;;;;;;;;;;;;;;;;;;;;
;;17/08/2026;TARJETA *8353 ALDI AVD BALEARES;16/08/2026;-13,00;904,13;;;;;;;;;;;;;;;;;;;;
;;17/08/2026;TARJETA *8353 ALDI AVD BALEARES;16/08/2026;-8,65;917,13;;;;;;;;;;;;;;;;;;;;
;;17/08/2026;TARJETA *8353 AQUA MULTIESPACIO;15/08/2026;-2,70;925,78;;;;;;;;;;;;;;;;;;;;
;;17/08/2026;BIZUM DE: JOSE LUIS MUNOZ MARTINEZ;15/08/2026;36,00;928,48;;;;;;;;;;;;;;;;;;;;
;;17/08/2026;TARJETA *8353 OCINE AQUA;15/08/2026;-9,87;892,48;;;;;;;;;;;;;;;;;;;;
;;17/08/2026;BIZUM DE: RAUL RIBES GARCIA;15/08/2026;12,00;902,35;;;;;;;;;;;;;;;;;;;;
;;17/08/2026;TARJETA *8353 OCINE AQUA;15/08/2026;-46,80;890,35;;;;;;;;;;;;;;;;;;;;
;;17/08/2026;TARJETA *0085 ENJOY VALENCIA RESERVAPL;15/08/2026;-6,00;937,15;;;;;;;;;;;;;;;;;;;;
;;14/08/2026;BIZUM DE: KEPA GARCIA DE LA TORRE PEREZ;14/08/2026;35,00;943,15;;;;;;;;;;;;;;;;;;;;
;;14/08/2026;TARJETA *8353 PUNTO FRESCO;14/08/2026;-13,14;908,15;;;;;;;;;;;;;;;;;;;;
;;14/08/2026;TARJETA *8353 CONSUM V.AVDA DEL PUERTO;14/08/2026;-58,01;921,29;;;;;;;;;;;;;;;;;;;;
;;14/08/2026;TARJETA *8353 HIPERCHINA;14/08/2026;-34,00;979,30;;;;;;;;;;;;;;;;;;;;
;;13/08/2026;BIZUM DE: ISABEL FLOR DE LIS MINGUEZ;13/08/2026;35,00;1.013,30;;;;;;;;;;;;;;;;;;;;
;;13/08/2026;TRANSFERENCIA A: Ilzo-95 S.L.;13/08/2026;-123,17;978,30;;;;;;;;;;;;;;;;;;;;
;;12/08/2026;BIZUM A: RAUL RIBES GARCIA;12/08/2026;-5,00;1.101,47;;;;;;;;;;;;;;;;;;;;
;;12/08/2026;BIZUM A: RAUL RIBES GARCIA;12/08/2026;-26,50;1.106,47;;;;;;;;;;;;;;;;;;;;
;;12/08/2026;BIZUM DE: ISABEL FLOR DE LIS MINGUEZ;12/08/2026;25,72;1.132,97;;;;;;;;;;;;;;;;;;;;
;;12/08/2026;BIZUM A: ISABEL FLOR DE LIS MINGUEZ;12/08/2026;-34,98;1.107,25;;;;;;;;;;;;;;;;;;;;
;;12/08/2026;BIZUM DE: ISABEL FLOR DE LIS MINGUEZ;12/08/2026;34,98;1.142,23;;;;;;;;;;;;;;;;;;;;
;;12/08/2026;BIZUM DE: ISABEL FLOR DE LIS MINGUEZ;12/08/2026;170,00;1.107,25;;;;;;;;;;;;;;;;;;;;
;;12/08/2026;TARJETA *8353 MERCADONA AVDA.BALEARES;12/08/2026;-49,27;937,25;;;;;;;;;;;;;;;;;;;;
;;12/08/2026;TARJETA *8353 NETFLIX.COM;11/08/2026;-8,99;986,52;;;;;;;;;;;;;;;;;;;;
;;11/08/2026;TARJETA *8353 MERCADONA AVDA.BALEARES;11/08/2026;-30,75;995,51;;;;;;;;;;;;;;;;;;;;
;;11/08/2026;TARJETA *8353 MULTISERVICIOS MAPFRE;11/08/2026;-71,15;1.026,26;;;;;;;;;;;;;;;;;;;;
;;10/08/2026;TARJETA *0085 ALDI AVD BALEARES;10/08/2026;-58,16;1.097,41;;;;;;;;;;;;;;;;;;;;
;;10/08/2026;ANUL.TARJETA *0085 FARMACIA BALEARES 45;10/08/2026;1,52;1.155,57;;;;;;;;;;;;;;;;;;;;
;;10/08/2026;TARJETA *0085 FARMACIA BALEARES 45;10/08/2026;-1,52;1.154,05;;;;;;;;;;;;;;;;;;;;
;;10/08/2026;TRANSFERENCIA A: Ilzo-95 S.L.;10/08/2026;-1.090,00;1.155,57;;;;;;;;;;;;;;;;;;;;
;;10/08/2026;TARJETA *8353 FARMACIA BALEARES 45;10/08/2026;-4,04;2.245,57;;;;;;;;;;;;;;;;;;;;
;;10/08/2026;TARJETA *8353 MERCADONA AVDA.BALEARES;10/08/2026;-45,78;2.249,61;;;;;;;;;;;;;;;;;;;;
;;10/08/2026;R/ IBERDROLA CLIENTES, S.A.U;10/08/2026;-70,59;2.295,39;;;;;;;;;;;;;;;;;;;;
;;10/08/2026;TARJETA *8353 ESPRESSOBLUE;09/08/2026;-0,85;2.365,98;;;;;;;;;;;;;;;;;;;;
;;10/08/2026;DEVOLUCION TARJ. *8353 ESPRESSOBLUE;09/08/2026;0,85;2.366,83;;;;;;;;;;;;;;;;;;;;
;;10/08/2026;TARJETA *8353 ESPRESSOBLUE;09/08/2026;-0,85;2.365,98;;;;;;;;;;;;;;;;;;;;
;;10/08/2026;BIZUM DE: LORENA ALIAGA SEVILLA;09/08/2026;91,62;2.366,83;;;;;;;;;;;;;;;;;;;;
;;10/08/2026;TARJETA *8353 MIRADOR AL PEDRAFORCA;09/08/2026;-264,10;2.275,21;;;;;;;;;;;;;;;;;;;;
;;10/08/2026;TARJETA *8353 HOSTAL FONDA CERDANYA;08/08/2026;-134,40;2.539,31;;;;;;;;;;;;;;;;;;;;
;;10/08/2026;BIZUM DE: ISABEL FLOR DE LIS MINGUEZ;08/08/2026;16,00;2.673,71;;;;;;;;;;;;;;;;;;;;
;;10/08/2026;TARJETA *8353 JARDINS ARTIGAS;08/08/2026;-28,40;2.657,71;;;;;;;;;;;;;;;;;;;;
;;07/08/2026;TARJETA *8353 SUPERMERCAT SANT JORDI;07/08/2026;-18,56;2.686,11;;;;;;;;;;;;;;;;;;;;
;;07/08/2026;BIZUM A: JONATAN RIBES GARCIA;07/08/2026;-14,00;2.704,67;;;;;;;;;;;;;;;;;;;;
;;07/08/2026;TARJETA *8353 BERGUEDA NAUTIC;07/08/2026;-6,50;2.718,67;;;;;;;;;;;;;;;;;;;;
;;07/08/2026;BIZUM DE: ISABEL FLOR DE LIS MINGUEZ;07/08/2026;4,00;2.725,17;;;;;;;;;;;;;;;;;;;;
;;07/08/2026;TARJETA *8353 WWW.AMAZON;07/08/2026;-10,99;2.721,17;;;;;;;;;;;;;;;;;;;;
;;07/08/2026;BIZUM A: JONATAN RIBES GARCIA;07/08/2026;-65,00;2.732,16;;;;;;;;;;;;;;;;;;;;
;;05/08/2026;TARJETA *8353 MIRADOR AL PEDRAFORCA;05/08/2026;-5,00;2.797,16;;;;;;;;;;;;;;;;;;;;
;;05/08/2026;TARJETA *0085 MIRADOR AL PEDRAFORCA;05/08/2026;-17,50;2.802,16;;;;;;;;;;;;;;;;;;;;
;;05/08/2026;TARJETA *8353 ALTITUD EXTREM;05/08/2026;-5,50;2.819,66;;;;;;;;;;;;;;;;;;;;
;;05/08/2026;TARJETA *0085 ALTITUD EXTREM;05/08/2026;-8,00;2.825,16;;;;;;;;;;;;;;;;;;;;
;;05/08/2026;TARJETA *0085 ALTITUD EXTREM;05/08/2026;-86,00;2.833,16;;;;;;;;;;;;;;;;;;;;
;;05/08/2026;R/ FUNDACION SAVE THE CHILDREN;05/08/2026;-9,00;2.919,16;;;;;;;;;;;;;;;;;;;;
;;05/08/2026;R/ FUNDACION UNO ENTRE CIENMIL;05/08/2026;-9,00;2.928,16;;;;;;;;;;;;;;;;;;;;
;;05/08/2026;R/ Pepe Mobile, S.L.U.;05/08/2026;-46,56;2.937,16;;;;;;;;;;;;;;;;;;;;
;;04/08/2026;R/ IBERDROLA CLIENTES, S.A.U;04/08/2026;-150,45;2.983,72;;;;;;;;;;;;;;;;;;;;
;;03/08/2026;BIZUM A: JONATAN RIBES GARCIA;03/08/2026;-45,00;3.134,17;;;;;;;;;;;;;;;;;;;;
;;03/08/2026;TARJETA *0085 MIRADOR AL PEDRAFORCA;03/08/2026;-149,94;3.179,17;;;;;;;;;;;;;;;;;;;;
;;03/08/2026;TARJETA *0085 MIRADOR AL PEDRAFORCA;03/08/2026;-16,00;3.329,11;;;;;;;;;;;;;;;;;;;;
;;03/08/2026;TARJETA *8353 AS BAIX EBRE NORTE VENDI;03/08/2026;-1,80;3.345,11;;;;;;;;;;;;;;;;;;;;
;;03/08/2026;LIQUIDACION TARJETA CREDITO *1318 07/26;01/08/2026;-71,41;3.346,91;;;;;;;;;;;;;;;;;;;;
;;03/08/2026;TARJETA *8353 EESS RIPOLL AV BALEARES;03/08/2026;-62,01;3.418,32;;;;;;;;;;;;;;;;;;;;
;;03/08/2026;TRANSF CTA DE:CARLOS GHABROUS L;03/08/2026;600,00;3.480,33;;;;;;;;;;;;;;;;;;;;
;;03/08/2026;TARJETA *0085 ALDI AVD BALEARES;02/08/2026;-44,09;2.880,33;;;;;;;;;;;;;;;;;;;;
;;03/08/2026;TARJETA *8353 HIPERCHINA;01/08/2026;-27,55;2.924,42;;;;;;;;;;;;;;;;;;;;
;;03/08/2026;TARJETA *8353 CONSUM V.AVDA DEL PUERTO;01/08/2026;-122,46;2.951,97;;;;;;;;;;;;;;;;;;;;
;;31/07/2026;TARJETA *8353 MERCADONA AVDA.BALEARES;31/07/2026;-34,94;3.074,43;;;;;;;;;;;;;;;;;;;;
;;31/07/2026;BIZUM A: DJILLALI DJEDDOU BOUAICHA;31/07/2026;-19,50;3.109,37;;;;;;;;;;;;;;;;;;;;
;;31/07/2026;R/ TGSS. COTIZACION 138 REG.GRAL. (SIST.;31/07/2026;-278,12;3.128,87;;;;;;;;;;;;;;;;;;;;
;;31/07/2026;R/ TGSS. COTIZACION 005 R.E.AUTONOMOS;31/07/2026;-88,56;3.406,99;;;;;;;;;;;;;;;;;;;;
;;31/07/2026;R/ TGSS. COTIZACION 005 R.E.AUTONOMOS;31/07/2026;-88,56;3.495,55;;;;;;;;;;;;;;;;;;;;
;;31/07/2026;TRANSF CTA DE:CAMPOS RAMOS FRAN;31/07/2026;1.311,00;3.584,11;;;;;;;;;;;;;;;;;;;;
;;30/07/2026;BIZUM DE: ISABEL FLOR DE LIS MINGUEZ;30/07/2026;17,10;2.273,11;;;;;;;;;;;;;;;;;;;;
;;30/07/2026;R/ MARIA ISABEL MUNOZ PALOMO;30/07/2026;-1.065,83;2.256,01;;;;;;;;;;;;;;;;;;;;
;;30/07/2026;TRASPASO A CTA DE: CARLOS GHABROUS LARRE;30/07/2026;3.200,00;3.321,84;;;;;;;;;;;;;;;;;;;;
;;29/07/2026;TARJETA *8353 WWW.AMAZON;29/07/2026;-17,09;121,84;;;;;;;;;;;;;;;;;;;;
;;29/07/2026;TARJETA *8353 MERCADONA AVDA.BALEARES;29/07/2026;-43,76;138,93;;;;;;;;;;;;;;;;;;;;
;;28/07/2026;TARJETA *0085 HIPER CHINA;28/07/2026;-6,65;182,69;;;;;;;;;;;;;;;;;;;;
;;27/07/2026;TRANSFERENCIA A: Pilar Marti;28/07/2026;-26,00;189,34;;;;;;;;;;;;;;;;;;;;
;;27/07/2026;TRASPASO A CTA DE: CARLOS GHABROUS LARRE;27/07/2026;200,00;215,34;;;;;;;;;;;;;;;;;;;;
;;27/07/2026;TARJETA *0085 www.firmoo.es;27/07/2026;-101,73;15,34;;;;;;;;;;;;;;;;;;;;
;;27/07/2026;TARJETA *8353 Amazon Prime;27/07/2026;-4,99;117,07;;;;;;;;;;;;;;;;;;;;
;;27/07/2026;TARJETA *0085 AD FISIOTERAPIA VALENCIA;27/07/2026;-50,00;122,06;;;;;;;;;;;;;;;;;;;;
;;27/07/2026;TRASPASO A CTA DE: CARLOS GHABROUS LARRE;27/07/2026;200,00;172,06;;;;;;;;;;;;;;;;;;;;
;;27/07/2026;R/ Colegio Oficial de Arquitectos de la;27/07/2026;-37,50;-27,94;;;;;;;;;;;;;;;;;;;;
;;27/07/2026;TARJETA *8353 ALDI AVD BALEARES;26/07/2026;-33,10;9,56;;;;;;;;;;;;;;;;;;;;
;;27/07/2026;TARJETA *0085 ALDI AVD BALEARES;25/07/2026;-10,08;42,66;;;;;;;;;;;;;;;;;;;;
;;27/07/2026;TARJETA *0085 ALDI AVD BALEARES;25/07/2026;-11,45;52,74;;;;;;;;;;;;;;;;;;;;
;;27/07/2026;TARJETA *8353 INTERNXT;25/07/2026;-145,05;64,19;;;;;;;;;;;;;;;;;;;;
;;27/07/2026;TRASPASO A CTA DE: CARLOS GHABROUS LARRE;27/07/2026;120,00;209,24;;;;;;;;;;;;;;;;;;;;
;;27/07/2026;TARJETA *8353 510057 CONSUM V.AVDA DEL;25/07/2026;-21,60;89,24;;;;;;;;;;;;;;;;;;;;
;;27/07/2026;TARJETA *8353 EL CAFE CAMILO ABEN AL;25/07/2026;-32,40;110,84;;;;;;;;;;;;;;;;;;;;
;;24/07/2026;BIZUM DE: ISABEL FLOR DE LIS MINGUEZ;24/07/2026;34,00;143,24;;;;;;;;;;;;;;;;;;;;
;;24/07/2026;TARJETA *8353 WWW.AMAZON;24/07/2026;-240,13;109,24;;;;;;;;;;;;;;;;;;;;
;;23/07/2026;TARJETA *8353 PUNTO FRESCO;23/07/2026;-10,41;349,37;;;;;;;;;;;;;;;;;;;;
;;23/07/2026;TARJETA *8353 MERCADONA AVDA.BALEARES;23/07/2026;-4,85;359,78;;;;;;;;;;;;;;;;;;;;
;;22/07/2026;TARJETA *8353 MERCADONA AVDA.BALEARES;22/07/2026;-27,55;364,63;;;;;;;;;;;;;;;;;;;;
;;21/07/2026;TARJETA *8353 ENJOY VALENCIA;21/07/2026;-4,50;392,18;;;;;;;;;;;;;;;;;;;;
;;21/07/2026;TARJETA *8353 MERCADONA AVDA.BALEARES;21/07/2026;-38,76;396,68;;;;;;;;;;;;;;;;;;;;
;;21/07/2026;TARJETA *0085 FOOD ENJOY SAMARANCH;21/07/2026;-3,00;435,44;;;;;;;;;;;;;;;;;;;;
;;21/07/2026;COM.CAMBIO DIVISA *8353;21/07/2026;-0,77;438,44;;;;;;;;;;;;;;;;;;;;
;;21/07/2026;TARJETA *8353 DOWNDOGAPP.COM;21/07/2026;-30,69;439,21;;;;;;;;;;;;;;;;;;;;
;;21/07/2026;TARJETA *8353 202169389 CONSUM V.RODRI;21/07/2026;-7,71;469,90;;;;;;;;;;;;;;;;;;;;
;;21/07/2026;TARJETA *8353 FARMACIA HIGINIO NOJA 21;21/07/2026;-22,62;477,61;;;;;;;;;;;;;;;;;;;;
;;21/07/2026;R/ VOLKSWAGEN RENTING S.A.;21/07/2026;-19,00;500,23;;;;;;;;;;;;;;;;;;;;
;;21/07/2026;R/ ACNUR;21/07/2026;-12,00;519,23;;;;;;;;;;;;;;;;;;;;
;;20/07/2026;TARJETA *8353 CLINICA DEL PIE;20/07/2026;-25,00;531,23;;;;;;;;;;;;;;;;;;;;
;;20/07/2026;PAGO HACIENDA;19/07/2026;-241,50;556,23;;;;;;;;;;;;;;;;;;;;
;;20/07/2026;TARJETA *8353 ALDI AVD BALEARES;19/07/2026;-5,56;797,73;;;;;;;;;;;;;;;;;;;;
;;20/07/2026;BIZUM DE: RAUL RIBES GARCIA;18/07/2026;20,00;803,29;;;;;;;;;;;;;;;;;;;;
;;20/07/2026;BIZUM DE: Cristina Parra Cortes;18/07/2026;10,00;783,29;;;;;;;;;;;;;;;;;;;;
;;20/07/2026;TARJETA *8353 BAR PINOCHO;18/07/2026;-71,60;773,29;;;;;;;;;;;;;;;;;;;;
;;20/07/2026;TARJETA *8353 SHOPPING HOUSE;18/07/2026;-20,50;844,89;;;;;;;;;;;;;;;;;;;;
;;20/07/2026;TRANSFERENCIA A: Camping mirador al Pedr;20/07/2026;-149,94;865,39;;;;;;;;;;;;;;;;;;;;
;;17/07/2026;TARJETA *8353 MERCADONA AVDA.BALEARES;17/07/2026;-39,15;1.015,33;;;;;;;;;;;;;;;;;;;;
;;17/07/2026;TARJETA *8353 202169389 CONSUM V.RODRI;17/07/2026;-6,07;1.054,48;;;;;;;;;;;;;;;;;;;;
;;16/07/2026;BIZUM A: Cristina Parra Cortes;16/07/2026;-8,00;1.060,55;;;;;;;;;;;;;;;;;;;;
;;16/07/2026;TARJETA *0085 ALDI AVD BALEARES;16/07/2026;-24,70;1.068,55;;;;;;;;;;;;;;;;;;;;
;;16/07/2026;TARJETA *8353 202169389 CONSUM V.RODRI;16/07/2026;-14,86;1.093,25;;;;;;;;;;;;;;;;;;;;
;;15/07/2026;BIZUM A: Teresa Orient Hernandez;15/07/2026;-8,00;1.108,11;;;;;;;;;;;;;;;;;;;;
;;15/07/2026;TARJETA *8353 202169389 CONSUM V.RODRI;15/07/2026;-5,15;1.116,11;;;;;;;;;;;;;;;;;;;;
;;14/07/2026;TARJETA *8353 202169389 CONSUM V.RODRI;14/07/2026;-13,39;1.121,26;;;;;;;;;;;;;;;;;;;;
;;13/07/2026;TARJETA *8353 MERCADONA AVDA.BALEARES;13/07/2026;-40,82;1.134,65;;;;;;;;;;;;;;;;;;;;
;;13/07/2026;TRANSFERENCIA A: DENTAL ASTE CANTON SL;14/07/2026;-100,00;1.175,47;;;;;;;;;;;;;;;;;;;;
;;13/07/2026;TARJETA *0085 MERCADONA AVDA.BALEARES;13/07/2026;-20,14;1.275,47;;;;;;;;;;;;;;;;;;;;
;;13/07/2026;TARJETA *0085 AD + SALUD;13/07/2026;-50,00;1.295,61;;;;;;;;;;;;;;;;;;;;
;;13/07/2026;ANUL.TARJETA *0085 AD + SALUD;13/07/2026;50,00;1.345,61;;;;;;;;;;;;;;;;;;;;
;;13/07/2026;TARJETA *0085 AD + SALUD;13/07/2026;-50,00;1.295,61;;;;;;;;;;;;;;;;;;;;
;;13/07/2026;TARJETA *8353 202169389 CONSUM V.RODRI;13/07/2026;-5,29;1.345,61;;;;;;;;;;;;;;;;;;;;
;;13/07/2026;TARJETA *8353 NETFLIX.COM;11/07/2026;-8,99;1.350,90;;;;;;;;;;;;;;;;;;;;
;;13/07/2026;TARJETA *0085 PIRATA FESTIVAL;11/07/2026;-50,00;1.359,89;;;;;;;;;;;;;;;;;;;;
;;13/07/2026;TARJETA *8353 LLAOLLAO ES VALENCIA M;11/07/2026;-7,90;1.409,89;;;;;;;;;;;;;;;;;;;;
;;13/07/2026;TARJETA *0085 ZARA;11/07/2026;-23,85;1.417,79;;;;;;;;;;;;;;;;;;;;
;;13/07/2026;TARJETA *8353 EL CORTE INGLES AV DE FR;11/07/2026;-19,45;1.441,64;;;;;;;;;;;;;;;;;;;;
;;13/07/2026;TARJETA *8353 EL CORTE INGLES AV DE FR;11/07/2026;-20,99;1.461,09;;;;;;;;;;;;;;;;;;;;
;;13/07/2026;TARJETA *8353 EL CORTE INGLES AV DE FR;11/07/2026;-11,14;1.482,08;;;;;;;;;;;;;;;;;;;;
;;10/07/2026;TARJETA *8353 PUNTO FRESCO;10/07/2026;-11,09;1.493,22;;;;;;;;;;;;;;;;;;;;
;;10/07/2026;TARJETA *8353 MERCADONA AVDA.BALEARES;10/07/2026;-30,26;1.504,31;;;;;;;;;;;;;;;;;;;;
;;10/07/2026;TARJETA *0085 Vinted;10/07/2026;-13,49;1.534,57;;;;;;;;;;;;;;;;;;;;
;;10/07/2026;TARJETA *8353 202169389 CONSUM V.RODRI;10/07/2026;-12,94;1.548,06;;;;;;;;;;;;;;;;;;;;
;;08/07/2026;TARJETA *8353 0114-CONSUM V.RODRIGO PE;08/07/2026;-9,58;1.561,00;;;;;;;;;;;;;;;;;;;;
;;07/07/2026;TARJETA *0085 ALDI AVD BALEARES;07/07/2026;-26,54;1.570,58;;;;;;;;;;;;;;;;;;;;
;;07/07/2026;TARJETA *0085 MIAMPA;07/07/2026;-40,80;1.597,12;;;;;;;;;;;;;;;;;;;;
;;06/07/2026;TARJETA *8353 CONSUM AVDA DEL PUERTO;06/07/2026;-39,38;1.637,92;;;;;;;;;;;;;;;;;;;;
;;06/07/2026;TARJETA *8353 HIPER CHINA;06/07/2026;-6,50;1.677,30;;;;;;;;;;;;;;;;;;;;
;;06/07/2026;TARJETA *8353 0114-CONSUM V.RODRIGO PE;06/07/2026;-3,78;1.683,80;;;;;;;;;;;;;;;;;;;;
;;06/07/2026;TARJETA *0085 MERCADONA AVDA.BALEARES;06/07/2026;-46,64;1.687,58;;;;;;;;;;;;;;;;;;;;
;;06/07/2026;TARJETA *0085 AD + SALUD;06/07/2026;-50,00;1.734,22;;;;;;;;;;;;;;;;;;;;
;;06/07/2026;TARJETA *8353 CLUB NATACION DELFIN;06/07/2026;-45,00;1.784,22;;;;;;;;;;;;;;;;;;;;
;;06/07/2026;R/ COLEG PUBLICO TOMAS DE MONTANANA;06/07/2026;-56,25;1.829,22;;;;;;;;;;;;;;;;;;;;
;;06/07/2026;R/ COLEG PUBLICO TOMAS DE MONTANANA;06/07/2026;-65,25;1.885,47;;;;;;;;;;;;;;;;;;;;
;;06/07/2026;R/ CCM, Crececonmusica;06/07/2026;-50,00;1.950,72;;;;;;;;;;;;;;;;;;;;
;;06/07/2026;R/ Pepe Mobile, S.L.U.;06/07/2026;-44,01;2.000,72;;;;;;;;;;;;;;;;;;;;
;;06/07/2026;TARJETA *8353 ALDI AVD BALEARES;04/07/2026;-54,24;2.044,73;;;;;;;;;;;;;;;;;;;;
;;03/07/2026;BIZUM DE: Cristina Parra Cortes;03/07/2026;12,00;2.098,97;;;;;;;;;;;;;;;;;;;;
;;03/07/2026;TARJETA *8353 BAR PINOCHO;03/07/2026;-43,20;2.086,97;;;;;;;;;;;;;;;;;;;;
;;03/07/2026;TARJETA *0085 FARMACIA CONSUELO SERRAN;03/07/2026;-29,90;2.130,17;;;;;;;;;;;;;;;;;;;;
;;03/07/2026;TARJETA *8353 EL CAFE CAMILO ABEN AL;03/07/2026;-21,60;2.160,07;;;;;;;;;;;;;;;;;;;;
;;03/07/2026;TARJETA *8353 MERCADONA AVDA.BALEARES;03/07/2026;-42,82;2.181,67;;;;;;;;;;;;;;;;;;;;
;;03/07/2026;BIZUM A: VIRGINIA CATALA CARRASCO;03/07/2026;-20,00;2.224,49;;;;;;;;;;;;;;;;;;;;
;;03/07/2026;R/ FUNDACION UNO ENTRE CIENMIL;03/07/2026;-9,00;2.244,49;;;;;;;;;;;;;;;;;;;;
;;03/07/2026;R/ FUNDACION SAVE THE CHILDREN;03/07/2026;-9,00;2.253,49;;;;;;;;;;;;;;;;;;;;
;;02/07/2026;TRANSFERENCIA A: Ilzo-95 S.L.;02/07/2026;-1.090,00;2.262,49;;;;;;;;;;;;;;;;;;;;
;;02/07/2026;R/ IBERDROLA CLIENTES, S.A.U;02/07/2026;-82,85;3.352,49;;;;;;;;;;;;;;;;;;;;
;;02/07/2026;TRANSF CTA DE:CARLOS GHABROUS L;02/07/2026;500,00;3.435,34;;;;;;;;;;;;;;;;;;;;
;;01/07/2026;TARJETA *8353 MERCADONA AVDA.BALEARES;01/07/2026;-49,17;2.935,34;;;;;;;;;;;;;;;;;;;;
;;01/07/2026;TARJETA *8353 DENTAL AC;01/07/2026;-60,00;2.984,51;;;;;;;;;;;;;;;;;;;;
;;01/07/2026;LIQUIDACION TARJETA CREDITO *1318 06/26;01/07/2026;-172,86;3.044,51;;;;;;;;;;;;;;;;;;;;
;;01/07/2026;TRASPASO A CTA DE: CARLOS GHABROUS LARRE;01/07/2026;3.000,00;3.217,37;;;;;;;;;;;;;;;;;;;;
;;01/07/2026;BIZUM A: LAURA TATAY MILIAN;01/07/2026;-10,00;217,37;;;;;;;;;;;;;;;;;;;;
;;30/06/2026;TARJETA *0085 AUTOPISTA DEL GUADALMEDI;30/06/2026;-6,60;227,37;;;;;;;;;;;;;;;;;;;;
;;30/06/2026;R/ TGSS. COTIZACION 138 REG.GRAL. (SIST.;30/06/2026;-278,12;233,97;;;;;;;;;;;;;;;;;;;;
;;30/06/2026;R/ TGSS. COTIZACION 138 REG.GRAL. (SIST.;30/06/2026;-2,87;512,09;;;;;;;;;;;;;;;;;;;;
;;30/06/2026;TARJETA *0085 ALDI AVD BALEARES;30/06/2026;-38,94;514,96;;;;;;;;;;;;;;;;;;;;
;;30/06/2026;TARJETA *8353 PANAMY COFFEE;30/06/2026;-4,90;553,90;;;;;;;;;;;;;;;;;;;;
;;30/06/2026;R/ MARIA ISABEL MUNOZ PALOMO;30/06/2026;-995,40;558,80;;;;;;;;;;;;;;;;;;;;
;;29/06/2026;TARJETA *8353 0114-CONSUM V.RODRIGO PE;29/06/2026;-36,60;1.554,20;;;;;;;;;;;;;;;;;;;;
;;29/06/2026;TARJETA *8353 CLINICA NEURAL KIDS;29/06/2026;-300,00;1.590,80;;;;;;;;;;;;;;;;;;;;
;;29/06/2026;TARJETA *8353 AVENIDA BALEARES 31;29/06/2026;-6,00;1.890,80;;;;;;;;;;;;;;;;;;;;
;;29/06/2026;TARJETA *8353 SUMINISTROS BUENJI, S.L;28/06/2026;-93,60;1.896,80;;;;;;;;;;;;;;;;;;;;
;;29/06/2026;TARJETA *8353 BAR LOS OBREROS;28/06/2026;-36,00;1.990,40;;;;;;;;;;;;;;;;;;;;
;;29/06/2026;TARJETA *8353 GUADIX;28/06/2026;-18,65;2.026,40;;;;;;;;;;;;;;;;;;;;
;;29/06/2026;TARJETA *8353 EL CAMAROTE;27/06/2026;-47,70;2.045,05;;;;;;;;;;;;;;;;;;;;
;;29/06/2026;TARJETA *8353 Telpark;27/06/2026;-0,68;2.092,75;;;;;;;;;;;;;;;;;;;;
;;29/06/2026;TARJETA *8353 HELADERIA SANTA LUCIA;27/06/2026;-14,00;2.093,43;;;;;;;;;;;;;;;;;;;;
;;29/06/2026;TARJETA *0085 ASADOR DE POLLOS EL ALBE;27/06/2026;-26,20;2.107,43;;;;;;;;;;;;;;;;;;;;
;;29/06/2026;TARJETA *8353 Amazon Prime;27/06/2026;-4,99;2.133,63;;;;;;;;;;;;;;;;;;;;
;;29/06/2026;TARJETA *8353 COVIRAN FUENGIROLA;27/06/2026;-21,98;2.138,62;;;;;;;;;;;;;;;;;;;;
;;26/06/2026;TARJETA *8353 ASADOR DE POLLOS EL ALBE;26/06/2026;-14,00;2.160,60;;;;;;;;;;;;;;;;;;;;
;;26/06/2026;TARJETA *8353 CARREFOUR MIJAS;26/06/2026;-118,05;2.174,60;;;;;;;;;;;;;;;;;;;;
;;26/06/2026;TARJETA *0085 TEJERINGOS LAS LAGUNAS;26/06/2026;-9,90;2.292,65;;;;;;;;;;;;;;;;;;;;
;;26/06/2026;TARJETA *8353 TAXI - 7 FUENGIROLA;26/06/2026;-5,46;2.302,55;;;;;;;;;;;;;;;;;;;;
;;26/06/2026;TARJETA *8353 TAXI Nº 8 MIJAS;26/06/2026;-6,20;2.308,01;;;;;;;;;;;;;;;;;;;;
;;25/06/2026;TARJETA *8353 CARREFOUR MIJAS;25/06/2026;-85,84;2.314,21;;;;;;;;;;;;;;;;;;;;
;;25/06/2026;DEVOLUCION TARJ. *0085 DECATHLON MIJAS;25/06/2026;19,99;2.400,05;;;;;;;;;;;;;;;;;;;;
;;25/06/2026;TARJETA *8353 DECATHLON MIJAS;25/06/2026;-133,90;2.380,06;;;;;;;;;;;;;;;;;;;;
;;25/06/2026;TRANSF CTA DE: CAMPOS RAMOS FRANCISCO VI;25/06/2026;1.311,00;2.513,96;;;;;;;;;;;;;;;;;;;;
;;25/06/2026;TARJETA *8353 ZONA AZUL AYTO FUENGIROL;25/06/2026;-2,85;1.202,96;;;;;;;;;;;;;;;;;;;;
;;25/06/2026;R/ CTAV COLEGIO TERRITORIAL DE ARQUITECT;25/06/2026;-60,50;1.205,81;;;;;;;;;;;;;;;;;;;;
;;24/06/2026;TARJETA *8353 RESTAURANTE EL ROMERAL;24/06/2026;-15,00;1.266,31;;;;;;;;;;;;;;;;;;;;
;;24/06/2026;TARJETA *8353 E.S. LA PAZ;24/06/2026;-1,70;1.281,31;;;;;;;;;;;;;;;;;;;;
;;24/06/2026;TARJETA *8353 E.S. LA PAZ;24/06/2026;-95,63;1.283,01;;;;;;;;;;;;;;;;;;;;
;;22/06/2026;TARJETA *0085 MERCADONA AVDA.BALEARES;22/06/2026;-33,17;1.378,64;;;;;;;;;;;;;;;;;;;;
;;22/06/2026;R/ VOLKSWAGEN RENTING S.A.;22/06/2026;-19,00;1.411,81;;;;;;;;;;;;;;;;;;;;
;;22/06/2026;TARJETA *8353 PUNTO FRESCO;21/06/2026;-11,69;1.430,81;;;;;;;;;;;;;;;;;;;;
;;22/06/2026;TARJETA *8353 ALDI AVD BALEARES;21/06/2026;-26,49;1.442,50;;;;;;;;;;;;;;;;;;;;
;;22/06/2026;BIZUM A: Jose Ignacio Massa Navarrete;20/06/2026;-5,00;1.468,99;;;;;;;;;;;;;;;;;;;;
;;22/06/2026;TARJETA *0085 FARMACIA PABLO MARCH;20/06/2026;-3,75;1.473,99;;;;;;;;;;;;;;;;;;;;
;;19/06/2026;TARJETA *0085 ALDI AVD BALEARES;19/06/2026;-8,06;1.477,74;;;;;;;;;;;;;;;;;;;;
;;19/06/2026;TARJETA *0085 FARMACIA PEñAROCHA 11;19/06/2026;-11,85;1.485,80;;;;;;;;;;;;;;;;;;;;
;;19/06/2026;TARJETA *0085 KOVA COFFEE & CAKES;19/06/2026;-6,70;1.497,65;;;;;;;;;;;;;;;;;;;;
;;19/06/2026;TARJETA *8353 ALDI AVD BALEARES;19/06/2026;-37,37;1.504,35;;;;;;;;;;;;;;;;;;;;
;;19/06/2026;BIZUM A: FRANCISCO JAVIER VINAS FERRANDO;19/06/2026;-2,00;1.541,72;;;;;;;;;;;;;;;;;;;;
;;19/06/2026;R/ ACNUR;19/06/2026;-12,00;1.543,72;;;;;;;;;;;;;;;;;;;;
;;17/06/2026;TARJETA *8353 WWW.AMAZON;17/06/2026;-35,98;1.555,72;;;;;;;;;;;;;;;;;;;;
;;17/06/2026;TARJETA *0085 VZONE ALFAFAR;17/06/2026;-1,20;1.591,70;;;;;;;;;;;;;;;;;;;;
;;17/06/2026;TARJETA *0085 DECATHLON ALFAFAR;17/06/2026;-19,99;1.592,90;;;;;;;;;;;;;;;;;;;;
;;17/06/2026;BIZUM A: MARIA JOVER ANDREU;17/06/2026;-5,00;1.612,89;;;;;;;;;;;;;;;;;;;;
;;17/06/2026;TARJETA *8353 FARMACIA PEñAROCHA 11;17/06/2026;-34,40;1.617,89;;;;;;;;;;;;;;;;;;;;
;;17/06/2026;TARJETA *8353 MERCADONA AVDA.BALEARES;17/06/2026;-48,72;1.652,29;;;;;;;;;;;;;;;;;;;;
;;17/06/2026;R/ COLEG PUBLICO TOMAS DE MONTANANA;17/06/2026;-79,38;1.701,01;;;;;;;;;;;;;;;;;;;;
;;17/06/2026;R/ COLEG PUBLICO TOMAS DE MONTANANA;17/06/2026;-75,03;1.780,39;;;;;;;;;;;;;;;;;;;;
;;16/06/2026;TARJETA *8353 MERCADONA ABASTOS;16/06/2026;-13,10;1.855,42;;;;;;;;;;;;;;;;;;;;
;;15/06/2026;TARJETA *0085 ALDI AVD BALEARES;15/06/2026;-8,43;1.868,52;;;;;;;;;;;;;;;;;;;;
;;15/06/2026;R/ IBERDROLA CLIENTES, S.A.U;15/06/2026;-65,15;1.876,95;;;;;;;;;;;;;;;;;;;;
;;15/06/2026;R/ MUTUA MADRILENA AUTOMOVILISTA;15/06/2026;-432,36;1.942,10;;;;;;;;;;;;;;;;;;;;
;;15/06/2026;BIZUM A: LAURA TATAY MILIAN;14/06/2026;-10,00;2.374,46;;;;;;;;;;;;;;;;;;;;
;;15/06/2026;TARJETA *0085 BAR PISCINA LLOMBAI;14/06/2026;-6,00;2.384,46;;;;;;;;;;;;;;;;;;;;
;;15/06/2026;TARJETA *8353 PUNTO FRESCO;13/06/2026;-15,87;2.390,46;;;;;;;;;;;;;;;;;;;;
;;15/06/2026;TARJETA *8353 MERCADONA AVDA.BALEARES;13/06/2026;-17,16;2.406,33;;;;;;;;;;;;;;;;;;;;
;;15/06/2026;BIZUM DE: SABINA KIE MITUY KIE;13/06/2026;25,00;2.423,49;;;;;;;;;;;;;;;;;;;;
;;12/06/2026;TARJETA *0085 MERCADONA AVDA.BALEARES;12/06/2026;-34,30;2.398,49;;;;;;;;;;;;;;;;;;;;
;;12/06/2026;TARJETA *8353 LA PISTACCHIERIA;12/06/2026;-14,10;2.432,79;;;;;;;;;;;;;;;;;;;;
;;12/06/2026;TARJETA *0085 ESTUDIO FOTOGRAFICO DE C;12/06/2026;-15,80;2.446,89;;;;;;;;;;;;;;;;;;;;
;;12/06/2026;TRANSFERENCIA A: Neural Servicios de Sal;12/06/2026;-120,00;2.462,69;;;;;;;;;;;;;;;;;;;;
;;12/06/2026;TARJETA *0085 FARMACIA BALEARES 45;12/06/2026;-6,60;2.582,69;;;;;;;;;;;;;;;;;;;;
;;12/06/2026;TARJETA *8353 Netflix.com;12/06/2026;-8,99;2.589,29;;;;;;;;;;;;;;;;;;;;
;;11/06/2026;TARJETA *0085 ALDI AVD BALEARES;11/06/2026;-17,80;2.598,28;;;;;;;;;;;;;;;;;;;;
;;10/06/2026;TARJETA *0085 ALDI AVD BALEARES;10/06/2026;-22,12;2.616,08;;;;;;;;;;;;;;;;;;;;
;;10/06/2026;BIZUM A: Teresa Orient Hernandez;10/06/2026;-8,00;2.638,20;;;;;;;;;;;;;;;;;;;;
;;09/06/2026;BIZUM DE: SABINA KIE MITUY KIE;09/06/2026;50,00;2.646,20;;;;;;;;;;;;;;;;;;;;
;;08/06/2026;TARJETA *0085 TAIRYO VALENCIA;08/06/2026;-27,25;2.596,20;;;;;;;;;;;;;;;;;;;;
;;08/06/2026;TARJETA *8353 PUNTO FRESCO;08/06/2026;-11,84;2.623,45;;;;;;;;;;;;;;;;;;;;
;;08/06/2026;TARJETA *8353 MERCADONA AVDA.BALEARES;08/06/2026;-68,21;2.635,29;;;;;;;;;;;;;;;;;;;;
;;08/06/2026;TARJETA *8353 CLUB NATACION DELFIN;08/06/2026;-45,00;2.703,50;;;;;;;;;;;;;;;;;;;;
;;08/06/2026;BIZUM DE: Cristina Parra Cortes;07/06/2026;4,00;2.748,50;;;;;;;;;;;;;;;;;;;;
;;08/06/2026;TARJETA *0085 BAR TONI;07/06/2026;-18,60;2.744,50;;;;;;;;;;;;;;;;;;;;
;;08/06/2026;BIZUM DE: ANDREA GARCIA FERNANDEZ;07/06/2026;200,00;2.763,10;;;;;;;;;;;;;;;;;;;;
;;08/06/2026;TARJETA *8353 ALDI AVD BALEARES;06/06/2026;-29,14;2.563,10;;;;;;;;;;;;;;;;;;;;
;;05/06/2026;TARJETA *8353 CLINICA NEURAL KIDS;05/06/2026;-50,00;2.592,24;;;;;;;;;;;;;;;;;;;;
;;05/06/2026;TARJETA *0085 MERCADONA AVDA.BALEARES;05/06/2026;-30,85;2.642,24;;;;;;;;;;;;;;;;;;;;
;;04/06/2026;BIZUM DE: Cristina Munoz Moreno;04/06/2026;60,00;2.673,09;;;;;;;;;;;;;;;;;;;;
;;04/06/2026;R/ Pepe Mobile, S.L.U.;04/06/2026;-43,90;2.613,09;;;;;;;;;;;;;;;;;;;;
;;03/06/2026;TARJETA *8353 MERCADONA AVDA.BALEARES;03/06/2026;-40,17;2.656,99;;;;;;;;;;;;;;;;;;;;
;;03/06/2026;TARJETA *0085 FOOD ENJOY SAMARANCH;03/06/2026;-10,00;2.697,16;;;;;;;;;;;;;;;;;;;;
;;03/06/2026;TARJETA *0085 KOVA COFFEE & CAKES;03/06/2026;-5,40;2.707,16;;;;;;;;;;;;;;;;;;;;
;;03/06/2026;R/ FUNDACION UNO ENTRE CIENMIL;03/06/2026;-9,00;2.712,56;;;;;;;;;;;;;;;;;;;;
;;03/06/2026;R/ IBERDROLA CLIENTES, S.A.U;03/06/2026;-59,83;2.721,56;;;;;;;;;;;;;;;;;;;;
;;02/06/2026;R/ FUNDACION SAVE THE CHILDREN;02/06/2026;-9,00;2.781,39;;;;;;;;;;;;;;;;;;;;
;;01/06/2026;TARJETA *8353 JAMONES MARIMON;01/06/2026;-10,04;2.790,39;;;;;;;;;;;;;;;;;;;;
;;01/06/2026;LIQUIDACION TARJETA CREDITO *1318 05/26;01/06/2026;-9,99;2.800,43;;;;;;;;;;;;;;;;;;;;
;;01/06/2026;TRANSFERENCIA A: ILZO-95 S.L.;01/06/2026;-1.090,00;2.810,42;;;;;;;;;;;;;;;;;;;;
;;01/06/2026;BIZUM DE: Cristina Munoz Moreno;31/05/2026;26,00;3.900,42;;;;;;;;;;;;;;;;;;;;
;;01/06/2026;BIZUM DE: Cristina Munoz Moreno;31/05/2026;30,00;3.874,42;;;;;;;;;;;;;;;;;;;;
;;01/06/2026;TARJETA *0085 ALDI AVD BALEARES;30/05/2026;-18,88;3.844,42;;;;;;;;;;;;;;;;;;;;
;;29/05/2026;TARJETA *8353 MERCADONA AVDA.BALEARES;29/05/2026;-38,09;3.863,30;;;;;;;;;;;;;;;;;;;;
;;29/05/2026;R/ DIARIO DE PRENSA DIGITAL, S.L.;29/05/2026;-150,00;3.901,39;;;;;;;;;;;;;;;;;;;;
;;29/05/2026;R/ TGSS. COTIZACION 138 REG.GRAL. (SIST.;29/05/2026;-1,24;4.051,39;;;;;;;;;;;;;;;;;;;;
;;29/05/2026;R/ TGSS. COTIZACION 138 REG.GRAL. (SIST.;29/05/2026;-2,87;4.052,63;;;;;;;;;;;;;;;;;;;;
;;29/05/2026;R/ TGSS. COTIZACION 138 REG.GRAL. (SIST.;29/05/2026;-87,74;4.055,50;;;;;;;;;;;;;;;;;;;;
;;28/05/2026;TARJETA *8353 ARCO ASADOR;28/05/2026;-56,00;4.143,24;;;;;;;;;;;;;;;;;;;;
;;28/05/2026;BIZUM A: Antonio Vicente Alvarez Torrent;28/05/2026;-2,50;4.199,24;;;;;;;;;;;;;;;;;;;;
;;28/05/2026;TRANSF CTA DE: MARIA DEL CARMEN LARREA H;28/05/2026;600,00;4.201,74;;;;;;;;;;;;;;;;;;;;
;;28/05/2026;R/ MARIA ISABEL MUNOZ PALOMO;28/05/2026;-1.035,48;3.601,74;;;;;;;;;;;;;;;;;;;;
;;27/05/2026;TRASPASO A CTA DE: CARLOS GHABROUS LARRE;27/05/2026;4.000,00;4.637,22;;;;;;;;;;;;;;;;;;;;
;;27/05/2026;TARJETA *8353 Amazon Prime;27/05/2026;-4,99;637,22;;;;;;;;;;;;;;;;;;;;
;;27/05/2026;TARJETA *8353 ALDI AVD BALEARES;27/05/2026;-18,80;642,21;;;;;;;;;;;;;;;;;;;;
;;25/05/2026;TARJETA *0085 METEORITO BALEARES;25/05/2026;-8,00;661,01;;;;;;;;;;;;;;;;;;;;
;;25/05/2026;TARJETA *8353 0114-CONSUM V.RODRIGO PE;25/05/2026;-7,50;669,01;;;;;;;;;;;;;;;;;;;;
;;25/05/2026;TARJETA *0085 ALDI AVD BALEARES;25/05/2026;-10,81;676,51;;;;;;;;;;;;;;;;;;;;
;;25/05/2026;TARJETA *8353 CAFE NUEVO OSLO;25/05/2026;-13,10;687,32;;;;;;;;;;;;;;;;;;;;
;;25/05/2026;TARJETA *8353 TPV ROIG ARENA 1;24/05/2026;-5,50;700,42;;;;;;;;;;;;;;;;;;;;
;;25/05/2026;TARJETA *8353 TPV ROIG ARENA 2;24/05/2026;-12,00;705,92;;;;;;;;;;;;;;;;;;;;
;;25/05/2026;TARJETA *8353 TICKETING FISICO;24/05/2026;-3,00;717,92;;;;;;;;;;;;;;;;;;;;
;;25/05/2026;TARJETA *8353 PUNTO FRESCO;24/05/2026;-14,90;720,92;;;;;;;;;;;;;;;;;;;;
;;25/05/2026;ANUL.TARJETA *8353 PUNTO FRESCO;24/05/2026;14,90;735,82;;;;;;;;;;;;;;;;;;;;
;;25/05/2026;TARJETA *8353 PUNTO FRESCO;24/05/2026;-14,90;720,92;;;;;;;;;;;;;;;;;;;;
;;25/05/2026;BIZUM DE: Cristina Munoz Moreno;23/05/2026;30,00;735,82;;;;;;;;;;;;;;;;;;;;
;;25/05/2026;TARJETA *8353 MERCADONA AVDA.BALEARES;23/05/2026;-61,64;705,82;;;;;;;;;;;;;;;;;;;;
;;25/05/2026;BIZUM DE: CHANTAL BORDALONGA SANZ;23/05/2026;5,00;767,46;;;;;;;;;;;;;;;;;;;;
;;25/05/2026;BIZUM A: CHANTAL BORDALONGA SANZ;23/05/2026;-10,00;762,46;;;;;;;;;;;;;;;;;;;;
;;22/05/2026;TARJETA *8353 0055-CONSUM V.ARQUITECTO;22/05/2026;-11,65;772,46;;;;;;;;;;;;;;;;;;;;
;;22/05/2026;TARJETA *8353 CAFE DE CO CABANYAL;22/05/2026;-7,50;784,11;;;;;;;;;;;;;;;;;;;;
;;21/05/2026;TARJETA *8353 MERCADONA AVDA.BALEARES;21/05/2026;-19,78;791,61;;;;;;;;;;;;;;;;;;;;
;;21/05/2026;R/ COLEG PUBLICO TOMAS DE MONTANANA;21/05/2026;-79,38;811,39;;;;;;;;;;;;;;;;;;;;
;;21/05/2026;R/ COLEG PUBLICO TOMAS DE MONTANANA;21/05/2026;-79,38;890,77;;;;;;;;;;;;;;;;;;;;
;;21/05/2026;R/ VOLKSWAGEN RENTING S.A.;21/05/2026;-19,00;970,15;;;;;;;;;;;;;;;;;;;;
;;20/05/2026;TARJETA *0085 CAFE DEL MAR;20/05/2026;-9,30;989,15;;;;;;;;;;;;;;;;;;;;
;;20/05/2026;TARJETA *8353 MERCADONA AVDA.BALEARES;20/05/2026;-43,40;998,45;;;;;;;;;;;;;;;;;;;;
;;19/05/2026;R/ ACNUR;19/05/2026;-12,00;1.041,85;;;;;;;;;;;;;;;;;;;;
;;18/05/2026;TARJETA *8353 0114-CONSUM V.RODRIGO PE;18/05/2026;-34,95;1.053,85;;;;;;;;;;;;;;;;;;;;
;;18/05/2026;TARJETA *0085 ALDI AVD BALEARES;18/05/2026;-19,42;1.088,80;;;;;;;;;;;;;;;;;;;;
;;18/05/2026;TARJETA *8353 DONER ROJ AVA;16/05/2026;-34,50;1.108,22;;;;;;;;;;;;;;;;;;;;
;;18/05/2026;TARJETA *0085 ALDI AVD BALEARES;16/05/2026;-23,31;1.142,72;;;;;;;;;;;;;;;;;;;;
;;15/05/2026;BIZUM DE: Cristina Munoz Moreno;15/05/2026;30,00;1.166,03;;;;;;;;;;;;;;;;;;;;
;;15/05/2026;TARJETA *8353 MERCADONA AVDA.BALEARES;15/05/2026;-60,50;1.136,03;;;;;;;;;;;;;;;;;;;;
;;15/05/2026;TARJETA *0085 ALDI AVD BALEARES;15/05/2026;-13,25;1.196,53;;;;;;;;;;;;;;;;;;;;
;;14/05/2026;TARJETA *8353 MERCADONA AVDA.BALEARES;14/05/2026;-21,50;1.209,78;;;;;;;;;;;;;;;;;;;;
;;14/05/2026;BIZUM DE: SABINA KIE MITUY KIE;14/05/2026;50,00;1.231,28;;;;;;;;;;;;;;;;;;;;
;;13/05/2026;TARJETA *8353 HIPER CHINA;13/05/2026;-3,70;1.181,28;;;;;;;;;;;;;;;;;;;;
;;13/05/2026;BIZUM DE: NATALIYA KUKHARYSHYN;13/05/2026;5,00;1.184,98;;;;;;;;;;;;;;;;;;;;
;;12/05/2026;BIZUM A: PATRICIA SANCHEZ AVILA;12/05/2026;-35,00;1.179,98;;;;;;;;;;;;;;;;;;;;
;;12/05/2026;BIZUM A: Teresa Orient Hernandez;12/05/2026;-77,86;1.214,98;;;;;;;;;;;;;;;;;;;;
;;12/05/2026;TARJETA *0085 ALDI AVD BALEARES;12/05/2026;-9,06;1.292,84;;;;;;;;;;;;;;;;;;;;
;;12/05/2026;TARJETA *8353 NETFLIX.COM;11/05/2026;-6,99;1.301,90;;;;;;;;;;;;;;;;;;;;
;;11/05/2026;TARJETA *8353 EMT VALENCIA;11/05/2026;-2,00;1.308,89;;;;;;;;;;;;;;;;;;;;
;;11/05/2026;TARJETA *8353 EMT VALENCIA;11/05/2026;-2,00;1.310,89;;;;;;;;;;;;;;;;;;;;
;;11/05/2026;COM.CAMBIO DIVISA *0085;11/05/2026;-0,20;1.312,89;;;;;;;;;;;;;;;;;;;;
;;11/05/2026;TARJETA *0085 HELOPAY*FLO CAFE LANDS;11/05/2026;-7,89;1.313,09;;;;;;;;;;;;;;;;;;;;
;;11/05/2026;COM.CAMBIO DIVISA *0085;11/05/2026;-0,28;1.320,98;;;;;;;;;;;;;;;;;;;;
;;11/05/2026;TARJETA *0085 FAKOPA'NCS III.;11/05/2026;-11,30;1.321,26;;;;;;;;;;;;;;;;;;;;
;;11/05/2026;TRANSF CTA DE:MARIA DEL CARMEN;11/05/2026;500,00;1.332,56;;;;;;;;;;;;;;;;;;;;
;;11/05/2026;COM.CAMBIO DIVISA *0085;10/05/2026;-0,13;832,56;;;;;;;;;;;;;;;;;;;;
;;11/05/2026;TARJETA *0085 STARBUCKS CASTLE;10/05/2026;-5,37;832,69;;;;;;;;;;;;;;;;;;;;
;;11/05/2026;TARJETA *8353 LinkedIn P3015216504;10/05/2026;-68,97;838,06;;;;;;;;;;;;;;;;;;;;
;;11/05/2026;TARJETA *8353 MERCADONA AVDA.BALEARES;09/05/2026;-46,78;907,03;;;;;;;;;;;;;;;;;;;;
;;11/05/2026;TARJETA *8353 FNAC S. AGUSTIN;09/05/2026;-13,15;953,81;;;;;;;;;;;;;;;;;;;;
;;11/05/2026;COM.CAMBIO DIVISA *0085;09/05/2026;-0,45;966,96;;;;;;;;;;;;;;;;;;;;
;;11/05/2026;TARJETA *0085 HELOPAY*FAKANAL ETTERE;09/05/2026;-17,89;967,41;;;;;;;;;;;;;;;;;;;;
;;11/05/2026;TARJETA *8353 FELI SANO HOME;09/05/2026;-5,50;985,30;;;;;;;;;;;;;;;;;;;;
;;11/05/2026;TARJETA *8353 FELI SANO HOME;09/05/2026;-16,00;990,80;;;;;;;;;;;;;;;;;;;;
;;11/05/2026;TARJETA *8353 HIPER ASIA;09/05/2026;-33,80;1.006,80;;;;;;;;;;;;;;;;;;;;
;;11/05/2026;TARJETA *8353 ORIENTAL BENIPARRELL;09/05/2026;-20,38;1.040,60;;;;;;;;;;;;;;;;;;;;
;;11/05/2026;TARJETA *8353 ESTANCO PELAYO;09/05/2026;-5,40;1.060,98;;;;;;;;;;;;;;;;;;;;
;;08/05/2026;COM.CAMBIO DIVISA *0085;08/05/2026;-0,16;1.066,38;;;;;;;;;;;;;;;;;;;;
;;08/05/2026;TARJETA *0085 HELOPAY*TRAP CAFE;08/05/2026;-6,40;1.066,54;;;;;;;;;;;;;;;;;;;;
;;08/05/2026;COM.CAMBIO DIVISA *0085;08/05/2026;-0,17;1.072,94;;;;;;;;;;;;;;;;;;;;
;;08/05/2026;TARJETA *0085 LIDL HU 299 Budapest;08/05/2026;-6,67;1.073,11;;;;;;;;;;;;;;;;;;;;
;;08/05/2026;TARJETA *8353 MERCADONA AVDA.BALEARES;08/05/2026;-24,08;1.079,78;;;;;;;;;;;;;;;;;;;;
;;08/05/2026;TARJETA *0085 SSP S.A. - AEROPUERTO DE;08/05/2026;-2,00;1.103,86;;;;;;;;;;;;;;;;;;;;
;;07/05/2026;BIZUM DE: SABINA KIE MITUY KIE;07/05/2026;55,00;1.105,86;;;;;;;;;;;;;;;;;;;;
;;07/05/2026;BIZUM A: Teresa Orient Hernandez;07/05/2026;-148,52;1.050,86;;;;;;;;;;;;;;;;;;;;
;;06/05/2026;TARJETA *8353 SP OBDAROWANI;06/05/2026;-109,95;1.199,38;;;;;;;;;;;;;;;;;;;;
;;06/05/2026;TARJETA *8353 MERCADONA AVDA.BALEARES;06/05/2026;-34,46;1.309,33;;;;;;;;;;;;;;;;;;;;
;;05/05/2026;TARJETA *0085 CAFE DEL MAR;05/05/2026;-9,60;1.343,79;;;;;;;;;;;;;;;;;;;;
;;05/05/2026;R/ FUNDACION SAVE THE CHILDREN;05/05/2026;-9,00;1.353,39;;;;;;;;;;;;;;;;;;;;
;;05/05/2026;R/ Pepe Mobile, S.L.U.;05/05/2026;-44,37;1.362,39;;;;;;;;;;;;;;;;;;;;
;;05/05/2026;R/ EDUCARTE PROYECTOS FORMATIVOS SL;05/05/2026;-18,00;1.406,76;;;;;;;;;;;;;;;;;;;;
;;05/05/2026;R/ CCM, Crececonmusica;05/05/2026;-50,00;1.424,76;;;;;;;;;;;;;;;;;;;;
;;05/05/2026;R/ IBERDROLA CLIENTES, S.A.U;05/05/2026;-61,49;1.474,76;;;;;;;;;;;;;;;;;;;;
;;04/05/2026;BIZUM DE: Cristina Munoz Moreno;04/05/2026;26,00;1.536,25;;;;;;;;;;;;;;;;;;;;
;;04/05/2026;TARJETA *8353 MERCADONA PINTOR MAELLA;04/05/2026;-21,87;1.510,25;;;;;;;;;;;;;;;;;;;;
;;04/05/2026;TARJETA *8353 EL CAFE CAMILO ABEN AL;04/05/2026;-21,60;1.532,12;;;;;;;;;;;;;;;;;;;;
;;04/05/2026;TRANSFERENCIA A: ILZO-95 S.L.;04/05/2026;-258,74;1.553,72;;;;;;;;;;;;;;;;;;;;
;;04/05/2026;TARJETA *8353 ALDI AVD BALEARES;04/05/2026;-18,33;1.812,46;;;;;;;;;;;;;;;;;;;;
;;04/05/2026;LIQUIDACION TARJETA CREDITO *1318 04/26;01/05/2026;-126,02;1.830,79;;;;;;;;;;;;;;;;;;;;
;;04/05/2026;BIZUM A: AYTO VALENCIA;03/05/2026;-32,09;1.956,81;;;;;;;;;;;;;;;;;;;;
;;04/05/2026;TARJETA *8353 EXPAVDAFRANCIA;03/05/2026;-19,22;1.988,90;;;;;;;;;;;;;;;;;;;;
;;04/05/2026;TARJETA *8353 EESS RIPOLL AV BALEARES;03/05/2026;-2,26;2.008,12;;;;;;;;;;;;;;;;;;;;
;;04/05/2026;TARJETA *8353 WWW.AMAZON;02/05/2026;-44,59;2.010,38;;;;;;;;;;;;;;;;;;;;
;;04/05/2026;TRANSFERENCIA A: ILZO-95 S.L.;04/05/2026;-1.090,00;2.054,97;;;;;;;;;;;;;;;;;;;;
;;04/05/2026;TARJETA *8353 PUNTO FRESCO;01/05/2026;-10,61;3.144,97;;;;;;;;;;;;;;;;;;;;
;;30/04/2026;TARJETA *0085 ALDI AVD BALEARES;30/04/2026;-7,18;3.155,58;;;;;;;;;;;;;;;;;;;;
;;30/04/2026;TARJETA *8353 CLUB NATACION DELFIN;30/04/2026;-167,50;3.162,76;;;;;;;;;;;;;;;;;;;;
;;30/04/2026;R/ TGSS. COTIZACION 138 REG.GRAL. (SIST.;30/04/2026;-87,74;3.330,26;;;;;;;;;;;;;;;;;;;;
;;30/04/2026;R/ TGSS. COTIZACION 138 REG.GRAL. (SIST.;30/04/2026;-88,63;3.418,00;;;;;;;;;;;;;;;;;;;;
;;29/04/2026;TRASPASO A CTA DE: CARLOS GHABROUS LARRE;29/04/2026;3.700,00;3.506,63;;;;;;;;;;;;;;;;;;;;
;;29/04/2026;R/ MARIA ISABEL MUNOZ PALOMO;29/04/2026;-726,10;-193,37;;;;;;;;;;;;;;;;;;;;
;;27/04/2026;TARJETA *0085 CLUB NATACION DELFIN;27/04/2026;-315,00;532,73;;;;;;;;;;;;;;;;;;;;
;;27/04/2026;TARJETA *8353 0114-CONSUM V.RODRIGO PE;27/04/2026;-20,88;847,73;;;;;;;;;;;;;;;;;;;;
;;27/04/2026;TARJETA *0085 HORNO PACO ROIG;27/04/2026;-3,68;868,61;;;;;;;;;;;;;;;;;;;;
;;27/04/2026;TARJETA *8353 Amazon Prime;27/04/2026;-4,99;872,29;;;;;;;;;;;;;;;;;;;;
;;27/04/2026;TARJETA *8353 HELAROMAN, S.L.;26/04/2026;-21,20;877,28;;;;;;;;;;;;;;;;;;;;
;;27/04/2026;BIZUM A: ALEJANDRO CALDERON Vargas;25/04/2026;-5,00;898,48;;;;;;;;;;;;;;;;;;;;
;;27/04/2026;TARJETA *8353 PUNTO FRESCO;25/04/2026;-20,01;903,48;;;;;;;;;;;;;;;;;;;;
;;27/04/2026;TARJETA *8353 MERCADONA AVDA.BALEARES;25/04/2026;-82,47;923,49;;;;;;;;;;;;;;;;;;;;
;;27/04/2026;BIZUM DE: ISABEL FLOR DE LIS MINGUEZ;25/04/2026;8,50;1.005,96;;;;;;;;;;;;;;;;;;;;
;;24/04/2026;TARJETA *0085 DENTAL AC;24/04/2026;-30,00;997,46;;;;;;;;;;;;;;;;;;;;
;;24/04/2026;TARJETA *0085 ALDI AVD BALEARES;24/04/2026;-2,97;1.027,46;;;;;;;;;;;;;;;;;;;;
;;24/04/2026;TARJETA *0085 BERSHKA;24/04/2026;-14,99;1.030,43;;;;;;;;;;;;;;;;;;;;
;;24/04/2026;TARJETA *0085 LUSH;24/04/2026;-41,81;1.045,42;;;;;;;;;;;;;;;;;;;;
;;23/04/2026;TARJETA *0085 MERCADONA AVDA.BALEARES;23/04/2026;-12,55;1.087,23;;;;;;;;;;;;;;;;;;;;
;;23/04/2026;TARJETA *0085 ALDI AVD BALEARES;23/04/2026;-6,02;1.099,78;;;;;;;;;;;;;;;;;;;;
;;23/04/2026;TRANSF CTA DE:CONF.COORD.MINUSV;23/04/2026;49,58;1.105,80;;;;;;;;;;;;;;;;;;;;
;;23/04/2026;TRANSF CTA DE:CONF.COORD.MINUSV;23/04/2026;694,11;1.056,22;;;;;;;;;;;;;;;;;;;;
;;22/04/2026;TARJETA *8353 MERCADONA AVDA.BALEARES;22/04/2026;-23,38;362,11;;;;;;;;;;;;;;;;;;;;
;;22/04/2026;TRANSFERENCIA A: ILZO-95 S.L.;22/04/2026;-128,31;385,49;;;;;;;;;;;;;;;;;;;;
;;21/04/2026;TARJETA *8353 MERCADONA AVDA.BALEARES;21/04/2026;-36,15;513,80;;;;;;;;;;;;;;;;;;;;
;;21/04/2026;R/ ACNUR;21/04/2026;-12,00;549,95;;;;;;;;;;;;;;;;;;;;
;;21/04/2026;R/ VOLKSWAGEN RENTING S.A.;21/04/2026;-19,00;561,95;;;;;;;;;;;;;;;;;;;;
;;20/04/2026;BIZUM DE: Cristina Munoz Moreno;20/04/2026;30,00;580,95;;;;;;;;;;;;;;;;;;;;
;;20/04/2026;TARJETA *8353 0114-CONSUM V.RODRIGO PE;20/04/2026;-37,20;550,95;;;;;;;;;;;;;;;;;;;;
;;20/04/2026;TARJETA *0085 ALDI AVD BALEARES;20/04/2026;-17,34;588,15;;;;;;;;;;;;;;;;;;;;
;;20/04/2026;TARJETA *8353 WWW.AMAZON;20/04/2026;-26,91;605,49;;;;;;;;;;;;;;;;;;;;
;;20/04/2026;TARJETA *8353 AUTOPISTA DEL GUADALMEDI;20/04/2026;-6,60;632,40;;;;;;;;;;;;;;;;;;;;
;;20/04/2026;BIZUM DE: Cristina Munoz Moreno;19/04/2026;45,00;639,00;;;;;;;;;;;;;;;;;;;;
;;20/04/2026;TARJETA *8353 GMP ALBERICH;19/04/2026;-53,75;594,00;;;;;;;;;;;;;;;;;;;;
;;20/04/2026;TARJETA *8353 BAR LOS OBREROS;19/04/2026;-22,50;647,75;;;;;;;;;;;;;;;;;;;;
;;20/04/2026;TARJETA *0085 ALDI AVD BALEARES;18/04/2026;-17,23;670,25;;;;;;;;;;;;;;;;;;;;
;;17/04/2026;TARJETA *8353 LEROY MERLIN MIJAS;17/04/2026;-1,99;687,48;;;;;;;;;;;;;;;;;;;;
;;17/04/2026;TARJETA *0085 ALDI AVD BALEARES;17/04/2026;-31,21;689,47;;;;;;;;;;;;;;;;;;;;
;;17/04/2026;TARJETA *0085 DULCE ENCANTO;17/04/2026;-4,00;720,68;;;;;;;;;;;;;;;;;;;;
;;17/04/2026;TARJETA *8353 LEROY MERLIN ES;17/04/2026;-29,98;724,68;;;;;;;;;;;;;;;;;;;;
;;17/04/2026;DEVOLUCION TARJ. *8353 WWW.AMAZON* NI6RX;13/04/2026;7,99;754,66;;;;;;;;;;;;;;;;;;;;
;;17/04/2026;DEVOLUCION TARJ. *8353 WWW.AMAZON* NI347;13/04/2026;9,99;746,67;;;;;;;;;;;;;;;;;;;;
;;17/04/2026;BIZUM DE: Raquel Gil Perez;17/04/2026;5,00;736,68;;;;;;;;;;;;;;;;;;;;
;;16/04/2026;TARJETA *0085 MERCADONA AVDA.BALEARES;16/04/2026;-48,25;731,68;;;;;;;;;;;;;;;;;;;;
;;15/04/2026;TARJETA *0085 ALDI AVD BALEARES;15/04/2026;-12,05;779,93;;;;;;;;;;;;;;;;;;;;
;;15/04/2026;TARJETA *8353 ALLIANCE VENDING;15/04/2026;-1,15;791,98;;;;;;;;;;;;;;;;;;;;
;;15/04/2026;R/ IBERDROLA CLIENTES, S.A.U;15/04/2026;-52,86;793,13;;;;;;;;;;;;;;;;;;;;
;;14/04/2026;TARJETA *8353 DIA RETAIL TDA 26071;14/04/2026;-6,63;845,99;;;;;;;;;;;;;;;;;;;;
;;14/04/2026;DEVOLUCION TARJ. *8353 CC MIRAMAR CHIKA;14/04/2026;69,99;852,62;;;;;;;;;;;;;;;;;;;;
;;14/04/2026;TARJETA *8353 18010HI HOSP COSTA DEL S;14/04/2026;-5,60;782,63;;;;;;;;;;;;;;;;;;;;
;;13/04/2026;TARJETA *8353 CARREFOUR BOROA FUENG;13/04/2026;-66,51;788,23;;;;;;;;;;;;;;;;;;;;
;;13/04/2026;TARJETA *8353 CHIK10 MIRAMAR;13/04/2026;-65,99;854,74;;;;;;;;;;;;;;;;;;;;
;;13/04/2026;TARJETA *8353 E.S. BLANCA PALOMA;13/04/2026;-50,00;920,73;;;;;;;;;;;;;;;;;;;;
;;13/04/2026;TRASPASO A CTA DE: CARLOS GHABROUS LARRE;13/04/2026;500,00;970,73;;;;;;;;;;;;;;;;;;;;
;;13/04/2026;TARJETA *0085 SP ZAPATO FEROZ;13/04/2026;-131,00;470,73;;;;;;;;;;;;;;;;;;;;
;;13/04/2026;TARJETA *8353 ALLIANCE VENDING;13/04/2026;-1,70;601,73;;;;;;;;;;;;;;;;;;;;
;;13/04/2026;TARJETA *8353 ALLIANCE VENDING;13/04/2026;-1,30;603,43;;;;;;;;;;;;;;;;;;;;
;;13/04/2026;BIZUM A: ISABEL FLOR DE LIS MINGUEZ;13/04/2026;-8,00;604,73;;;;;;;;;;;;;;;;;;;;
;;13/04/2026;TARJETA *8353 18010HI HOSP COSTA DEL S;13/04/2026;-3,55;612,73;;;;;;;;;;;;;;;;;;;;
;;13/04/2026;TARJETA *8353 EST.SERV. LA CALA DE MIJ;12/04/2026;-30,00;616,28;;;;;;;;;;;;;;;;;;;;
;;13/04/2026;TARJETA *8353 NETFLIX.COM;11/04/2026;-6,99;646,28;;;;;;;;;;;;;;;;;;;;
;;13/04/2026;TARJETA *8353 WWW.AMAZON;11/04/2026;-20,00;653,27;;;;;;;;;;;;;;;;;;;;
;;13/04/2026;TARJETA *0085 FARMACIA BALEARES 45;11/04/2026;-38,50;673,27;;;;;;;;;;;;;;;;;;;;
;;13/04/2026;TARJETA *8353 CARREFOUR BOROA FUENG;11/04/2026;-42,57;711,77;;;;;;;;;;;;;;;;;;;;
;;13/04/2026;TARJETA *8353 CHIK10 MIRAMAR;11/04/2026;-69,99;754,34;;;;;;;;;;;;;;;;;;;;
;;13/04/2026;TARJETA *8353 PULL AND BEAR;11/04/2026;-15,99;824,33;;;;;;;;;;;;;;;;;;;;
;;13/04/2026;TARJETA *8353 FAB.NACION. DE MONEDA Y;11/04/2026;-3,62;840,32;;;;;;;;;;;;;;;;;;;;
;;10/04/2026;BIZUM DE: Cristina Parra Cortes;10/04/2026;10,00;843,94;;;;;;;;;;;;;;;;;;;;
;;10/04/2026;TARJETA *0085 BAR PINOCHO;10/04/2026;-28,10;833,94;;;;;;;;;;;;;;;;;;;;
;;10/04/2026;TARJETA *8353 CARREFOUR BOROA FUENG;10/04/2026;-19,23;862,04;;;;;;;;;;;;;;;;;;;;
;;10/04/2026;TARJETA *8353 BASE: SELECTION;10/04/2026;-67,50;881,27;;;;;;;;;;;;;;;;;;;;
;;10/04/2026;TARJETA *8353 WWW.AMAZON;10/04/2026;-7,99;948,77;;;;;;;;;;;;;;;;;;;;
;;10/04/2026;TARJETA *0085 CAJEROS AUTO P1;10/04/2026;-3,35;956,76;;;;;;;;;;;;;;;;;;;;
;;10/04/2026;TARJETA *0085 VALENCIA AEROPUERTO;10/04/2026;-19,80;960,11;;;;;;;;;;;;;;;;;;;;
;;10/04/2026;TARJETA *0085 EMT VALENCIA;10/04/2026;-2,00;979,91;;;;;;;;;;;;;;;;;;;;
;;10/04/2026;TARJETA *0085 EMT VALENCIA;10/04/2026;-2,00;981,91;;;;;;;;;;;;;;;;;;;;
;;10/04/2026;TARJETA *0085 EMT VALENCIA;10/04/2026;-2,00;983,91;;;;;;;;;;;;;;;;;;;;
;;10/04/2026;TARJETA *0085 EMT VALENCIA;10/04/2026;-2,00;985,91;;;;;;;;;;;;;;;;;;;;
;;09/04/2026;TARJETA *8353 FARMACIA DAVID MORA;09/04/2026;-19,34;987,91;;;;;;;;;;;;;;;;;;;;
;;09/04/2026;TARJETA *8353 DIA RETAIL TDA 26071;09/04/2026;-16,81;1.007,25;;;;;;;;;;;;;;;;;;;;
;;09/04/2026;TRANSFERENCIA A: ILZO-95 SL;09/04/2026;-1.090,00;1.024,06;;;;;;;;;;;;;;;;;;;;
;;08/04/2026;TARJETA *8353 AUTOPISTA DEL GUADALMEDI;08/04/2026;-6,60;2.114,06;;;;;;;;;;;;;;;;;;;;
;;08/04/2026;TARJETA *8353 WWW.AMAZON;08/04/2026;-24,24;2.120,66;;;;;;;;;;;;;;;;;;;;
;;08/04/2026;TARJETA *0085 HELADERIAS ANAMAR;08/04/2026;-28,20;2.144,90;;;;;;;;;;;;;;;;;;;;
;;08/04/2026;R/ FUNDACION SAVE THE CHILDREN;08/04/2026;-9,00;2.173,10;;;;;;;;;;;;;;;;;;;;
;;08/04/2026;R/ IBERDROLA CLIENTES, S.A.U;08/04/2026;-66,46;2.182,10;;;;;;;;;;;;;;;;;;;;
;;08/04/2026;R/ COLEG PUBLICO TOMAS DE MONTANANA;08/04/2026;-75,03;2.248,56;;;;;;;;;;;;;;;;;;;;
;;07/04/2026;TARJETA *0085 LLOTJA;07/04/2026;-6,00;2.323,59;;;;;;;;;;;;;;;;;;;;
;;07/04/2026;TARJETA *0085 FARTONS POLO;07/04/2026;-5,50;2.329,59;;;;;;;;;;;;;;;;;;;;
;;07/04/2026;R/ Pepe Mobile, S.L.U.;07/04/2026;-43,90;2.335,09;;;;;;;;;;;;;;;;;;;;
;;07/04/2026;R/ COLEG PUBLICO TOMAS DE MONTANANA;07/04/2026;-79,38;2.378,99;;;;;;;;;;;;;;;;;;;;
;;06/04/2026;TARJETA *8353 BAR LOS OBREROS;06/04/2026;-8,70;2.458,37;;;;;;;;;;;;;;;;;;;;
;;06/04/2026;TARJETA *8353 CHARTER VELEZ RUBIO;06/04/2026;-6,53;2.467,07;;;;;;;;;;;;;;;;;;;;
;;06/04/2026;TARJETA *0085 TENDA CAIXAFORUM VALENCI;06/04/2026;-23,85;2.473,60;;;;;;;;;;;;;;;;;;;;
;;06/04/2026;TARJETA *8353 EESS RIPOLL AV BALEARES;06/04/2026;-90,88;2.497,45;;;;;;;;;;;;;;;;;;;;
;;06/04/2026;TARJETA *8353 ALDI AVD BALEARES;05/04/2026;-40,68;2.588,33;;;;;;;;;;;;;;;;;;;;
;;06/04/2026;TARJETA *0085 HORNO FUENCALIENTE;04/04/2026;-17,30;2.629,01;;;;;;;;;;;;;;;;;;;;
;;06/04/2026;TARJETA *0085 ALDI AVD BALEARES;04/04/2026;-10,17;2.646,31;;;;;;;;;;;;;;;;;;;;
;;02/04/2026;TARJETA *8353 CONSUM AVDA DEL PUERTO;02/04/2026;-208,61;2.656,48;;;;;;;;;;;;;;;;;;;;
;;02/04/2026;TARJETA *8353 CLUB NATACION DELFIN;02/04/2026;-45,00;2.865,09;;;;;;;;;;;;;;;;;;;;
;;02/04/2026;R/ EDUCARTE PROYECTOS FORMATIVOS SL;02/04/2026;-18,00;2.910,09;;;;;;;;;;;;;;;;;;;;
;;01/04/2026;TARJETA *0085 ALDI AVD BALEARES;01/04/2026;-11,15;2.928,09;;;;;;;;;;;;;;;;;;;;
;;01/04/2026;LIQUIDACION TARJETA CREDITO *1318 03/26;01/04/2026;-64,72;2.939,24;;;;;;;;;;;;;;;;;;;;
;;01/04/2026;R/ CCM, Crececonmusica;01/04/2026;-50,00;3.003,96;;;;;;;;;;;;;;;;;;;;
;;31/03/2026;BIZUM DE: Cristina Munoz Moreno;31/03/2026;22,00;3.053,96;;;;;;;;;;;;;;;;;;;;
;;31/03/2026;TARJETA *0085 HORNO FUENCALIENTE;31/03/2026;-4,52;3.031,96;;;;;;;;;;;;;;;;;;;;
;;31/03/2026;R/ TGSS. COTIZACION 138 REG.GRAL. (SIST.;31/03/2026;-84,87;3.036,48;;;;;;;;;;;;;;;;;;;;
;;31/03/2026;R/ TGSS. COTIZACION 138 REG.GRAL. (SIST.;31/03/2026;-37,15;3.121,35;;;;;;;;;;;;;;;;;;;;
;;30/03/2026;TARJETA *8353 EL CAFE CAMILO ABEN AL;30/03/2026;-21,60;3.158,50;;;;;;;;;;;;;;;;;;;;
;;30/03/2026;TARJETA *0085 ALDI AVD BALEARES;30/03/2026;-6,98;3.180,10;;;;;;;;;;;;;;;;;;;;
;;30/03/2026;TARJETA *8353 CHANGE.ORG;30/03/2026;-1,00;3.187,08;;;;;;;;;;;;;;;;;;;;
;;30/03/2026;TRASPASO A CTA DE: CARLOS GHABROUS LARRE;30/03/2026;3.700,00;3.188,08;;;;;;;;;;;;;;;;;;;;
;;30/03/2026;R/ MARIA ISABEL MUNOZ PALOMO;30/03/2026;-608,13;-511,92;;;;;;;;;;;;;;;;;;;;
;;30/03/2026;TARJETA *8353 EXPAVDAFRANCIA;29/03/2026;-17,89;96,21;;;;;;;;;;;;;;;;;;;;
;;30/03/2026;TARJETA *8353 WWW.AMAZON;29/03/2026;-9,97;114,10;;;;;;;;;;;;;;;;;;;;
;;30/03/2026;TARJETA *8353 Compra de Prime Video;28/03/2026;-2,99;124,07;;;;;;;;;;;;;;;;;;;;
;;30/03/2026;TARJETA *0085 IKEA VALENCIA HFB;28/03/2026;-7,96;127,06;;;;;;;;;;;;;;;;;;;;
;;30/03/2026;TARJETA *0085 IKEA VALENCIA FOOD;28/03/2026;-6,98;135,02;;;;;;;;;;;;;;;;;;;;
;;30/03/2026;TARJETA *0085 TOP JUMP PARK;28/03/2026;-7,50;142,00;;;;;;;;;;;;;;;;;;;;
;;30/03/2026;TARJETA *8353 MERCADONA AVDA.BALEARES;28/03/2026;-75,98;149,50;;;;;;;;;;;;;;;;;;;;
;;30/03/2026;TARJETA *8353 FAB.NACION. DE MONEDA Y;28/03/2026;-3,62;225,48;;;;;;;;;;;;;;;;;;;;
;;30/03/2026;BIZUM A: Antonio Vicente Alvarez Torrent;28/03/2026;-5,00;229,10;;;;;;;;;;;;;;;;;;;;
;;27/03/2026;TARJETA *8353 FUJI II;27/03/2026;-56,66;234,10;;;;;;;;;;;;;;;;;;;;
;;27/03/2026;BIZUM A: AROA DURO CASTANO;27/03/2026;-34,00;290,76;;;;;;;;;;;;;;;;;;;;
;;27/03/2026;TARJETA *0085 ALDI AVD BALEARES;27/03/2026;-21,30;324,76;;;;;;;;;;;;;;;;;;;;
;;27/03/2026;TARJETA *8353 Amazon Prime;27/03/2026;-4,99;346,06;;;;;;;;;;;;;;;;;;;;
;;27/03/2026;TARJETA *8353 PILAR MARTI S.L;27/03/2026;-100,00;351,05;;;;;;;;;;;;;;;;;;;;
;;27/03/2026;TARJETA *8353 BELGICA 26;27/03/2026;-2,70;451,05;;;;;;;;;;;;;;;;;;;;
;;26/03/2026;TRASPASO A CTA DE: CARLOS GHABROUS LARRE;26/03/2026;400,00;453,75;;;;;;;;;;;;;;;;;;;;
;;26/03/2026;R/ CTAV COLEGIO TERRITORIAL DE ARQUITECT;26/03/2026;-60,50;53,75;;;;;;;;;;;;;;;;;;;;
;;25/03/2026;TARJETA *0085 HIPER CHINA;25/03/2026;-8,90;114,25;;;;;;;;;;;;;;;;;;;;
;;25/03/2026;TARJETA *0085 ALDI AVD BALEARES;25/03/2026;-28,80;123,15;;;;;;;;;;;;;;;;;;;;
;;25/03/2026;TARJETA *8353 Wikimedia;25/03/2026;-10,40;151,95;;;;;;;;;;;;;;;;;;;;
;;25/03/2026;BIZUM DE: HELENA RIERA INIGUEZ;25/03/2026;3,00;162,35;;;;;;;;;;;;;;;;;;;;
;;25/03/2026;TARJETA *0085 KOVA COFFEE & CAKES;25/03/2026;-10,95;159,35;;;;;;;;;;;;;;;;;;;;
;;24/03/2026;TARJETA *0085 DENTAL AC;24/03/2026;-70,00;170,30;;;;;;;;;;;;;;;;;;;;
;;23/03/2026;TARJETA *0085 ALDI AVD BALEARES;23/03/2026;-26,25;240,30;;;;;;;;;;;;;;;;;;;;
;;23/03/2026;TARJETA *8353 MERCADONA ABASTOS;23/03/2026;-9,43;266,55;;;;;;;;;;;;;;;;;;;;
;;23/03/2026;R/ VOLKSWAGEN RENTING S.A.;23/03/2026;-19,00;275,98;;;;;;;;;;;;;;;;;;;;
;;23/03/2026;TARJETA *8353 MERCADONA AVDA.BALEARES;21/03/2026;-47,26;294,98;;;;;;;;;;;;;;;;;;;;
;;23/03/2026;TARJETA *8353 Compra de Prime Video;21/03/2026;-2,99;342,24;;;;;;;;;;;;;;;;;;;;
;;23/03/2026;TARJETA *8353 PROACTIV SL;21/03/2026;-137,60;345,23;;;;;;;;;;;;;;;;;;;;
;;20/03/2026;TARJETA *0085 ALDI AVD BALEARES;20/03/2026;-17,52;482,83;;;;;;;;;;;;;;;;;;;;
;;20/03/2026;TARJETA *8353 AUTOPISTA DEL SURESTE (A;20/03/2026;-2,85;500,35;;;;;;;;;;;;;;;;;;;;
;;20/03/2026;TARJETA *8353 AUTOPISTA DEL SURESTE (A;20/03/2026;-2,85;503,20;;;;;;;;;;;;;;;;;;;;
;;20/03/2026;TARJETA *8353 ALDI AVD BALEARES;20/03/2026;-17,82;506,05;;;;;;;;;;;;;;;;;;;;
;;19/03/2026;BIZUM DE: Cristina Parra Cortes;19/03/2026;138,00;523,87;;;;;;;;;;;;;;;;;;;;
;;19/03/2026;TARJETA *8353 MOEVE LA MARINA I;19/03/2026;-47,65;385,87;;;;;;;;;;;;;;;;;;;;
;;19/03/2026;BIZUM DE: ISABEL FLOR DE LIS MINGUEZ;19/03/2026;46,00;433,52;;;;;;;;;;;;;;;;;;;;
;;19/03/2026;BIZUM DE: Cristina Parra Cortes;19/03/2026;46,00;387,52;;;;;;;;;;;;;;;;;;;;
;;19/03/2026;TARJETA *8353 EL RINCON DEL PERLITA;19/03/2026;-138,20;341,52;;;;;;;;;;;;;;;;;;;;
;;19/03/2026;R/ ACNUR;19/03/2026;-12,00;479,72;;;;;;;;;;;;;;;;;;;;
;;18/03/2026;BIZUM DE: Cristina Parra Cortes;18/03/2026;64,60;491,72;;;;;;;;;;;;;;;;;;;;
;;18/03/2026;BIZUM DE: ISABEL FLOR DE LIS MINGUEZ;18/03/2026;65,00;427,12;;;;;;;;;;;;;;;;;;;;
;;18/03/2026;TARJETA *8353 CUATRO CRUCES;18/03/2026;-194,00;362,12;;;;;;;;;;;;;;;;;;;;
;;17/03/2026;R/ COLEG PUBLICO TOMAS DE MONTANANA;17/03/2026;-79,38;556,12;;;;;;;;;;;;;;;;;;;;
;;17/03/2026;R/ COLEG PUBLICO TOMAS DE MONTANANA;17/03/2026;-79,38;635,50;;;;;;;;;;;;;;;;;;;;
;;16/03/2026;TARJETA *8353 ALDI AVD BALEARES;14/03/2026;-7,96;714,88;;;;;;;;;;;;;;;;;;;;
;;16/03/2026;TARJETA *8353 MERCADONA AVDA.BALEARES;14/03/2026;-71,84;722,84;;;;;;;;;;;;;;;;;;;;
;;13/03/2026;TARJETA *0085 ALDI AVD BALEARES;13/03/2026;-18,07;794,68;;;;;;;;;;;;;;;;;;;;
;;12/03/2026;TARJETA *8353 0025-CONSUM-H. DIAGO;12/03/2026;-5,48;812,75;;;;;;;;;;;;;;;;;;;;
;;12/03/2026;TARJETA *8353 NETFLIX.COM;11/03/2026;-6,99;818,23;;;;;;;;;;;;;;;;;;;;
;;11/03/2026;TARJETA *0085 ALDI AVD BALEARES;11/03/2026;-28,32;825,22;;;;;;;;;;;;;;;;;;;;
;;10/03/2026;TARJETA *8353 MERCADONA AVDA.BALEARES;10/03/2026;-32,99;853,54;;;;;;;;;;;;;;;;;;;;
;;09/03/2026;BIZUM DE: Cristina Munoz Moreno;09/03/2026;45,00;886,53;;;;;;;;;;;;;;;;;;;;
;;09/03/2026;TARJETA *0085 METEORITO BALEARES;09/03/2026;-4,50;841,53;;;;;;;;;;;;;;;;;;;;
;;09/03/2026;TARJETA *0085 ALDI AVD BALEARES;09/03/2026;-1,81;846,03;;;;;;;;;;;;;;;;;;;;
;;09/03/2026;TARJETA *8353 Compra de Prime Video;08/03/2026;-2,99;847,84;;;;;;;;;;;;;;;;;;;;
;;09/03/2026;BIZUM DE: ISABEL FLOR DE LIS MINGUEZ;08/03/2026;293,50;850,83;;;;;;;;;;;;;;;;;;;;
;;09/03/2026;TARJETA *0085 CAMPING CUEVAS MAR;08/03/2026;-338,40;557,33;;;;;;;;;;;;;;;;;;;;
;;09/03/2026;TARJETA *0085 CAMPING CUEVAS MAR;08/03/2026;-302,40;895,73;;;;;;;;;;;;;;;;;;;;
;;09/03/2026;TARJETA *8353 PUNTO FRESCO;08/03/2026;-5,07;1.198,13;;;;;;;;;;;;;;;;;;;;
;;09/03/2026;TARJETA *8353 ALDI AVD BALEARES;07/03/2026;-32,69;1.203,20;;;;;;;;;;;;;;;;;;;;
;;09/03/2026;TARJETA *8353 HERMANOS DYA;07/03/2026;-15,50;1.235,89;;;;;;;;;;;;;;;;;;;;
;;09/03/2026;TARJETA *8353 PIRO FOC I FANTASIA;07/03/2026;-23,00;1.251,39;;;;;;;;;;;;;;;;;;;;
;;05/03/2026;TARJETA *8353 E.S. MARITIMO;05/03/2026;-80,00;1.274,39;;;;;;;;;;;;;;;;;;;;
;;05/03/2026;TARJETA *8353 MERCADONA AVDA.BALEARES;05/03/2026;-46,50;1.354,39;;;;;;;;;;;;;;;;;;;;
;;05/03/2026;R/ Pepe Mobile, S.L.U.;05/03/2026;-43,90;1.400,89;;;;;;;;;;;;;;;;;;;;
;;04/03/2026;R/ IBERDROLA CLIENTES, S.A.U;04/03/2026;-68,90;1.444,79;;;;;;;;;;;;;;;;;;;;
;;04/03/2026;R/ FUNDACION SAVE THE CHILDREN;04/03/2026;-9,00;1.513,69;;;;;;;;;;;;;;;;;;;;
;;03/03/2026;TARJETA *8353 MERCADONA ABASTOS;03/03/2026;-9,82;1.522,69;;;;;;;;;;;;;;;;;;;;
;;03/03/2026;R/ CCM, Crececonmusica;03/03/2026;-50,00;1.532,51;;;;;;;;;;;;;;;;;;;;
;;03/03/2026;R/ EDUCARTE PROYECTOS FORMATIVOS SL;03/03/2026;-18,00;1.582,51;;;;;;;;;;;;;;;;;;;;
;;02/03/2026;TARJETA *0085 MERCADONA AVDA.BALEARES;02/03/2026;-25,86;1.600,51;;;;;;;;;;;;;;;;;;;;
;;02/03/2026;LIQUIDACION TARJETA CREDITO *1318 02/26;01/03/2026;-399,27;1.626,37;;;;;;;;;;;;;;;;;;;;
;;02/03/2026;TARJETA *8353 CLUB NATACION DELFIN;02/03/2026;-45,00;2.025,64;;;;;;;;;;;;;;;;;;;;
;;02/03/2026;R/ MARIA ISABEL MUNOZ PALOMO;02/03/2026;-415,80;2.070,64;;;;;;;;;;;;;;;;;;;;
;;02/03/2026;TRANSFERENCIA A: ILZO-95 S.L.;02/03/2026;-1.090,00;2.486,44;;;;;;;;;;;;;;;;;;;;
;;02/03/2026;TRASPASO A CTA DE: CARLOS GHABROUS LARRE;02/03/2026;3.300,00;3.576,44;;;;;;;;;;;;;;;;;;;;
;;02/03/2026;TARJETA *8353 PUNTO FRESCO;28/02/2026;-18,78;276,44;;;;;;;;;;;;;;;;;;;;
;;02/03/2026;TARJETA *8353 MERCADONA AVDA.BALEARES;28/02/2026;-24,88;295,22;;;;;;;;;;;;;;;;;;;;
;;02/03/2026;BIZUM DE: Cristina Munoz Moreno;28/02/2026;22,00;320,10;;;;;;;;;;;;;;;;;;;;
;;02/03/2026;TARJETA *8353 EL CORTE INGLES AV DE FR;28/02/2026;-26,14;298,10;;;;;;;;;;;;;;;;;;;;
;;02/03/2026;TARJETA *8353 EL CORTE INGLES AV DE FR;28/02/2026;-25,45;324,24;;;;;;;;;;;;;;;;;;;;
;;27/02/2026;TARJETA *8353 DONER ROJ AVA;27/02/2026;-18,00;349,69;;;;;;;;;;;;;;;;;;;;
;;27/02/2026;BIZUM A: Cristina Parra Cortes;27/02/2026;-10,00;367,69;;;;;;;;;;;;;;;;;;;;
;;27/02/2026;TARJETA *0085 ALDI AVD BALEARES;27/02/2026;-25,49;377,69;;;;;;;;;;;;;;;;;;;;
;;27/02/2026;TARJETA *8353 Amazon Prime;27/02/2026;-4,99;403,18;;;;;;;;;;;;;;;;;;;;
;;27/02/2026;R/ TGSS. COTIZACION 138 REG.GRAL. (SIST.;27/02/2026;-84,87;408,17;;;;;;;;;;;;;;;;;;;;
;;26/02/2026;TARJETA *0085 ALDI AVD BALEARES;26/02/2026;-42,07;493,04;;;;;;;;;;;;;;;;;;;;
;;26/02/2026;TARJETA *8353 MERCADONA ABASTOS;26/02/2026;-19,78;535,11;;;;;;;;;;;;;;;;;;;;
;;26/02/2026;R/ CTAV COLEGIO TERRITORIAL DE ARQUITECT;26/02/2026;-9,08;554,89;;;;;;;;;;;;;;;;;;;;
;;24/02/2026;TARJETA *8353 EL CAFE CAMILO ABEN AL;24/02/2026;-21,60;563,97;;;;;;;;;;;;;;;;;;;;
;;24/02/2026;TRASPASO A CTA DE: CARLOS GHABROUS LARRE;24/02/2026;300,00;585,57;;;;;;;;;;;;;;;;;;;;
;;24/02/2026;DEVOLUCION TARJ. *0085 ZARA;24/02/2026;9,18;285,57;;;;;;;;;;;;;;;;;;;;
;;23/02/2026;TARJETA *8353 MERCADONA AVDA.BALEARES;23/02/2026;-10,64;276,39;;;;;;;;;;;;;;;;;;;;
;;23/02/2026;R/ VOLKSWAGEN RENTING S.A.;23/02/2026;-19,00;287,03;;;;;;;;;;;;;;;;;;;;
;;23/02/2026;TARJETA *8353 MERCADONA AVDA.BALEARES;21/02/2026;-94,12;306,03;;;;;;;;;;;;;;;;;;;;
;;20/02/2026;TARJETA *0085 ALDI AVD BALEARES;20/02/2026;-24,60;400,15;;;;;;;;;;;;;;;;;;;;
;;19/02/2026;BIZUM DE: Cristina Munoz Moreno;19/02/2026;52,00;424,75;;;;;;;;;;;;;;;;;;;;
;;19/02/2026;R/ ACNUR;19/02/2026;-12,00;372,75;;;;;;;;;;;;;;;;;;;;
;;18/02/2026;TARJETA *8353 ALDI AVD BALEARES;18/02/2026;-11,74;384,75;;;;;;;;;;;;;;;;;;;;
;;17/02/2026;TARJETA *8353 0025-CONSUM-H. DIAGO;17/02/2026;-2,22;396,49;;;;;;;;;;;;;;;;;;;;
;;17/02/2026;R/ IBERDROLA CLIENTES, S.A.U;17/02/2026;-79,00;398,71;;;;;;;;;;;;;;;;;;;;
;;16/02/2026;TARJETA *8353 FARMACIA PEñAROCHA 11;16/02/2026;-49,30;477,71;;;;;;;;;;;;;;;;;;;;
;;16/02/2026;R/ COLEG PUBLICO TOMAS DE MONTANANA;16/02/2026;-79,38;527,01;;;;;;;;;;;;;;;;;;;;
;;16/02/2026;R/ COLEG PUBLICO TOMAS DE MONTANANA;16/02/2026;-79,38;606,39;;;;;;;;;;;;;;;;;;;;
;;16/02/2026;BIZUM DE: Cristina Munoz Moreno;15/02/2026;24,00;685,77;;;;;;;;;;;;;;;;;;;;
;;16/02/2026;TARJETA *8353 WWW.AMAZON.ES;15/02/2026;-13,99;661,77;;;;;;;;;;;;;;;;;;;;
;;16/02/2026;BIZUM A: DJILLALI DJEDDOU BOUAICHA;15/02/2026;-34,20;675,76;;;;;;;;;;;;;;;;;;;;
;;12/02/2026;TARJETA *8353 ALDI AVD BALEARES;12/02/2026;-33,60;709,96;;;;;;;;;;;;;;;;;;;;
;;12/02/2026;TARJETA *8353 NETFLIX.COM;11/02/2026;-6,99;743,56;;;;;;;;;;;;;;;;;;;;
;;09/02/2026;BIZUM A: ANA MARIA CASTELLO GRAULLERA;09/02/2026;-75,00;750,55;;;;;;;;;;;;;;;;;;;;
;;09/02/2026;TARJETA *8353 ALDI AVD BALEARES;09/02/2026;-31,43;825,55;;;;;;;;;;;;;;;;;;;;
;;09/02/2026;TARJETA *8353 BAR PINOCHO;08/02/2026;-76,20;856,98;;;;;;;;;;;;;;;;;;;;
;;06/02/2026;BIZUM DE: Cristina Munoz Moreno;06/02/2026;22,00;933,18;;;;;;;;;;;;;;;;;;;;
;;06/02/2026;TARJETA *8353 MERCADONA AVDA.BALEARES;06/02/2026;-32,97;911,18;;;;;;;;;;;;;;;;;;;;
;;06/02/2026;TARJETA *8353 DENTAL AC;06/02/2026;-50,00;944,15;;;;;;;;;;;;;;;;;;;;
;;06/02/2026;TARJETA *0085 ALDI AVD BALEARES;06/02/2026;-10,49;994,15;;;;;;;;;;;;;;;;;;;;
;;06/02/2026;TARJETA *0085 ALDI AVD BALEARES;06/02/2026;-18,06;1.004,64;;;;;;;;;;;;;;;;;;;;
;;05/02/2026;BIZUM DE: Cristina Munoz Moreno;05/02/2026;22,00;1.022,70;;;;;;;;;;;;;;;;;;;;
;;05/02/2026;R/ Pepe Mobile, S.L.U.;05/02/2026;-43,90;1.000,70;;;;;;;;;;;;;;;;;;;;
;;04/02/2026;TARJETA *0085 PARKING CC EL SALER;04/02/2026;-6,25;1.044,60;;;;;;;;;;;;;;;;;;;;
;;04/02/2026;TARJETA *0085 ZARA VALENCIA EL SALER;04/02/2026;-9,18;1.050,85;;;;;;;;;;;;;;;;;;;;
;;04/02/2026;TARJETA *0085 ZARA VALENCIA EL SALER;04/02/2026;-55,85;1.060,03;;;;;;;;;;;;;;;;;;;;
;;04/02/2026;BIZUM A: MERCEDES CARRION GARCIA;04/02/2026;-151,00;1.115,88;;;;;;;;;;;;;;;;;;;;
;;04/02/2026;TARJETA *8353 EL ORDEN MUNDIAL - EOM;04/02/2026;-60,00;1.266,88;;;;;;;;;;;;;;;;;;;;
;;04/02/2026;R/ FUNDACION SAVE THE CHILDREN;04/02/2026;-9,00;1.326,88;;;;;;;;;;;;;;;;;;;;
;;04/02/2026;R/ IBERDROLA CLIENTES, S.A.U;04/02/2026;-86,82;1.335,88;;;;;;;;;;;;;;;;;;;;
;;03/02/2026;TARJETA *8353 MERCADONA AVDA.BALEARES;03/02/2026;-54,92;1.422,70;;;;;;;;;;;;;;;;;;;;
;;03/02/2026;TARJETA *8353 CLUB NATACION DELFIN;03/02/2026;-45,00;1.477,62;;;;;;;;;;;;;;;;;;;;
;;03/02/2026;TARJETA *0085 ALDI AVD BALEARES;03/02/2026;-9,56;1.522,62;;;;;;;;;;;;;;;;;;;;
;;03/02/2026;TRANSFERENCIA A: ILZO-95 S.L.;03/02/2026;-1.090,00;1.532,18;;;;;;;;;;;;;;;;;;;;
;;03/02/2026;R/ CCM, Crececonmusica;03/02/2026;-50,00;2.622,18;;;;;;;;;;;;;;;;;;;;
;;03/02/2026;R/ EDUCARTE PROYECTOS FORMATIVOS SL;03/02/2026;-18,00;2.672,18;;;;;;;;;;;;;;;;;;;;
;;02/02/2026;TARJETA *0085 Zara.com;02/02/2026;-35,90;2.690,18;;;;;;;;;;;;;;;;;;;;
;;02/02/2026;TARJETA *8353 AMAZON;02/02/2026;-43,89;2.726,08;;;;;;;;;;;;;;;;;;;;
;;02/02/2026;LIQUIDACION TARJETA CREDITO *1318 01/26;01/02/2026;-183,73;2.769,97;;;;;;;;;;;;;;;;;;;;
;;02/02/2026;R/ Colegio Oficial de Arquitectos de la;02/02/2026;-37,50;2.953,70;;;;;;;;;;;;;;;;;;;;
;;02/02/2026;R/ COLEG PUBLICO TOMAS DE MONTANANA;02/02/2026;-79,38;2.991,20;;;;;;;;;;;;;;;;;;;;
;;02/02/2026;R/ COLEG PUBLICO TOMAS DE MONTANANA;02/02/2026;-68,41;3.070,58;;;;;;;;;;;;;;;;;;;;
;;02/02/2026;TARJETA *8353 EESS RIPOLL AV BALEARES;01/02/2026;-4,99;3.138,99;;;;;;;;;;;;;;;;;;;;
;;02/02/2026;TARJETA *8353 PUNTO FRESCO;31/01/2026;-17,08;3.143,98;;;;;;;;;;;;;;;;;;;;
;;02/02/2026;TARJETA *8353 MERCADONA AVDA.BALEARES;31/01/2026;-48,91;3.161,06;;;;;;;;;;;;;;;;;;;;
;;30/01/2026;TARJETA *0085 ALDI AVD BALEARES;30/01/2026;-2,76;3.209,97;;;;;;;;;;;;;;;;;;;;
;;30/01/2026;TRASPASO A CTA DE: CARLOS GHABROUS LARRE;30/01/2026;3.200,00;3.212,73;;;;;;;;;;;;;;;;;;;;
;;30/01/2026;TARJETA *8353 EL CAFE CAMILO ABEN AL;30/01/2026;-21,60;12,73;;;;;;;;;;;;;;;;;;;;
;;30/01/2026;TARJETA *8353 CONSUM AVDA DEL PUERTO;30/01/2026;-60,68;34,33;;;;;;;;;;;;;;;;;;;;
;;30/01/2026;R/ TGSS. COTIZACION 138 REG.GRAL. (SIST.;30/01/2026;-73,29;95,01;;;;;;;;;;;;;;;;;;;;
;;30/01/2026;TRANSF CTA DE:ASOC PADRES/MADRE;30/01/2026;22,00;168,30;;;;;;;;;;;;;;;;;;;;
;;29/01/2026;TARJETA *0085 CRONO CHIP SL;29/01/2026;-1,00;146,30;;;;;;;;;;;;;;;;;;;;
;;29/01/2026;TARJETA *0085 ALDI AVD BALEARES;29/01/2026;-40,25;147,30;;;;;;;;;;;;;;;;;;;;
;;28/01/2026;TRANSFERENCIA A: ASOCIACIÓN DE FAMILIAS;28/01/2026;-120,00;187,55;;;;;;;;;;;;;;;;;;;;
;;28/01/2026;R/ MARIA ISABEL MUNOZ PALOMO;28/01/2026;-384,70;307,55;;;;;;;;;;;;;;;;;;;;
;;27/01/2026;TARJETA *8353 COMIDAS EL RUBIO;27/01/2026;-4,50;692,25;;;;;;;;;;;;;;;;;;;;
;;27/01/2026;TARJETA *8353 Amazon Prime;27/01/2026;-4,99;696,75;;;;;;;;;;;;;;;;;;;;
;;27/01/2026;TARJETA *0085 FAB.NACION. DE MONEDA Y;27/01/2026;-16,94;701,74;;;;;;;;;;;;;;;;;;;;
;;26/01/2026;TARJETA *8353 KIOSKO ARA;26/01/2026;-2,45;718,68;;;;;;;;;;;;;;;;;;;;
;;26/01/2026;TARJETA *8353 MERCADONA AVDA.BALEARES;26/01/2026;-56,47;721,13;;;;;;;;;;;;;;;;;;;;
;;26/01/2026;BIZUM DE: Cristina Munoz Moreno;26/01/2026;22,00;777,60;;;;;;;;;;;;;;;;;;;;
;;26/01/2026;TARJETA *8353 EXPAVDAFRANCIA;25/01/2026;-26,83;755,60;;;;;;;;;;;;;;;;;;;;
;;26/01/2026;TARJETA *0085 MERCADONA AVDA.BALEARES;24/01/2026;-21,14;782,43;;;;;;;;;;;;;;;;;;;;
;;23/01/2026;DEVOLUCION TARJ. *0085 VINTED VILNIUS;21/01/2026;9,10;803,57;;;;;;;;;;;;;;;;;;;;
;;23/01/2026;TARJETA *8353 MERCADONA AVDA.BALEARES;23/01/2026;-26,40;794,47;;;;;;;;;;;;;;;;;;;;
;;22/01/2026;TARJETA *8353 PUNTO FRESCO;22/01/2026;-18,05;820,87;;;;;;;;;;;;;;;;;;;;
;;22/01/2026;TARJETA *8353 ALDI AVD BALEARES;22/01/2026;-10,07;838,92;;;;;;;;;;;;;;;;;;;;
;;22/01/2026;TARJETA *8353 FRANCISCO RIPOLL, S.L.;22/01/2026;-64,25;848,99;;;;;;;;;;;;;;;;;;;;
;;22/01/2026;TRASPASO A CTA DE: CARLOS GHABROUS LARRE;22/01/2026;700,00;913,24;;;;;;;;;;;;;;;;;;;;
;;21/01/2026;TARJETA *0085 ALDI AVD BALEARES;21/01/2026;-5,44;213,24;;;;;;;;;;;;;;;;;;;;
;;21/01/2026;R/ VOLKSWAGEN RENTING S.A.;21/01/2026;-19,00;218,68;;;;;;;;;;;;;;;;;;;;
;;20/01/2026;TARJETA *0085 ALDI AVD BALEARES;20/01/2026;-12,18;237,68;;;;;;;;;;;;;;;;;;;;
;;20/01/2026;R/ ACNUR;20/01/2026;-12,00;249,86;;;;;;;;;;;;;;;;;;;;
;;19/01/2026;DEVOLUCION TARJ. *8353 AMAZON* ZC8777EY4;15/01/2026;31,26;261,86;;;;;;;;;;;;;;;;;;;;
;;19/01/2026;DEVOLUCION TARJ. *0085 VINTED VILNIUS;17/01/2026;13,05;230,60;;;;;;;;;;;;;;;;;;;;
;;19/01/2026;TARJETA *8353 CLINICA LASER BELGICA;19/01/2026;-100,00;217,55;;;;;;;;;;;;;;;;;;;;
;;19/01/2026;TARJETA *8353 EL CAFE CAMILO ABEN AL;19/01/2026;-8,20;317,55;;;;;;;;;;;;;;;;;;;;
;;19/01/2026;TARJETA *8353 MERCADONA AVDA.BALEARES;19/01/2026;-72,77;325,75;;;;;;;;;;;;;;;;;;;;
;;19/01/2026;TARJETA *0085 ALDI AVD BALEARES;17/01/2026;-22,03;398,52;;;;;;;;;;;;;;;;;;;;
;;19/01/2026;BIZUM DE: JUAN GERMAN ORTIZ FERRI;17/01/2026;30,00;420,55;;;;;;;;;;;;;;;;;;;;
;;19/01/2026;TARJETA *0085 Vinted;17/01/2026;-13,05;390,55;;;;;;;;;;;;;;;;;;;;
;;19/01/2026;TARJETA *0085 Vinted;17/01/2026;-9,10;403,60;;;;;;;;;;;;;;;;;;;;
;;15/01/2026;TARJETA *8353 ALDI AVD BALEARES;15/01/2026;-40,31;412,70;;;;;;;;;;;;;;;;;;;;
;;15/01/2026;TARJETA *8353 MERCADONA ABASTOS;15/01/2026;-11,55;453,01;;;;;;;;;;;;;;;;;;;;
;;14/01/2026;BIZUM DE: Cristina Munoz Moreno;14/01/2026;40,00;464,56;;;;;;;;;;;;;;;;;;;;
;;14/01/2026;BIZUM A: AINHOA GARCIA MARTIN;14/01/2026;-10,00;424,56;;;;;;;;;;;;;;;;;;;;
;;14/01/2026;BIZUM A: MariaRosario Gimenez Garcia;14/01/2026;-4,00;434,56;;;;;;;;;;;;;;;;;;;;
;;14/01/2026;TARJETA *8353 ALDI AVD BALEARES;14/01/2026;-22,45;438,56;;;;;;;;;;;;;;;;;;;;
;;14/01/2026;TRANSFERENCIA A: ILZO-95 S.L.;14/01/2026;-122,47;461,01;;;;;;;;;;;;;;;;;;;;
;;14/01/2026;BIZUM DE: Cristina Munoz Moreno;14/01/2026;20,00;583,48;;;;;;;;;;;;;;;;;;;;
;;13/01/2026;TARJETA *0085 ALDI AVD BALEARES;13/01/2026;-20,87;563,48;;;;;;;;;;;;;;;;;;;;
;;12/01/2026;TARJETA *0085 MERCADONA AVDA.BALEARES;12/01/2026;-23,37;584,35;;;;;;;;;;;;;;;;;;;;
;;12/01/2026;TARJETA *8353 Netflix.com;12/01/2026;-6,99;607,72;;;;;;;;;;;;;;;;;;;;
;;12/01/2026;TARJETA *0085 ALDI AVD BALEARES;11/01/2026;-15,68;614,71;;;;;;;;;;;;;;;;;;;;
;;12/01/2026;BIZUM A: Francho Montori Vilella;10/01/2026;-30,00;630,39;;;;;;;;;;;;;;;;;;;;
;;12/01/2026;BIZUM DE: Cristina Munoz Moreno;10/01/2026;50,00;660,39;;;;;;;;;;;;;;;;;;;;
;;12/01/2026;TARJETA *8353 MERCADONA AVDA.BALEARES;10/01/2026;-44,78;610,39;;;;;;;;;;;;;;;;;;;;
;;09/01/2026;TARJETA *8353 DOYOUBIKE;09/01/2026;-170,00;655,17;;;;;;;;;;;;;;;;;;;;
;;09/01/2026;TARJETA *8353 ALDI AVD BALEARES;09/01/2026;-11,13;825,17;;;;;;;;;;;;;;;;;;;;
;;08/01/2026;TARJETA *8353 COURSERA.ORG;08/01/2026;-42,00;836,30;;;;;;;;;;;;;;;;;;;;
;;08/01/2026;BIZUM DE: Antonio Vicente Alvarez Torren;08/01/2026;2,40;878,30;;;;;;;;;;;;;;;;;;;;
;;07/01/2026;TARJETA *8353 MERCADONA AVDA.BALEARES;07/01/2026;-61,59;875,90;;;;;;;;;;;;;;;;;;;;
;;07/01/2026;TARJETA *8353 EL CAFE CAMILO ABEN AL;07/01/2026;-15,00;937,49;;;;;;;;;;;;;;;;;;;;
;;07/01/2026;DEVOLUCION TARJ. *8353 EL CAFE CAMILO AB;07/01/2026;16,40;952,49;;;;;;;;;;;;;;;;;;;;
;;07/01/2026;TARJETA *8353 EL CAFE CAMILO ABEN AL;07/01/2026;-16,40;936,09;;;;;;;;;;;;;;;;;;;;
;;07/01/2026;R/ CCM, Crececonmusica;07/01/2026;-50,00;952,49;;;;;;;;;;;;;;;;;;;;
;;07/01/2026;R/ FUNDACION SAVE THE CHILDREN;07/01/2026;-9,00;1.002,49;;;;;;;;;;;;;;;;;;;;
;;07/01/2026;TARJETA *8353 EMT VALENCIA;06/01/2026;-2,00;1.011,49;;;;;;;;;;;;;;;;;;;;
;;05/01/2026;TARJETA *8353 MERCADONA AVDA.BALEARES;05/01/2026;-18,15;1.013,49;;;;;;;;;;;;;;;;;;;;
;;05/01/2026;TRANSFERENCIA A: ILZO 95 SL;05/01/2026;-1.090,00;1.031,64;;;;;;;;;;;;;;;;;;;;
;;05/01/2026;R/ EDUCARTE PROYECTOS FORMATIVOS SL;05/01/2026;-18,00;2.121,64;;;;;;;;;;;;;;;;;;;;
;;05/01/2026;R/ Pepe Mobile, S.L.U.;05/01/2026;-43,90;2.139,64;;;;;;;;;;;;;;;;;;;;
;;05/01/2026;BIZUM DE: ISABEL FLOR DE LIS MINGUEZ;04/01/2026;15,00;2.183,54;;;;;;;;;;;;;;;;;;;;
;;05/01/2026;BIZUM A: LAURA TATAY MILIAN;04/01/2026;-40,00;2.168,54;;;;;;;;;;;;;;;;;;;;
;;05/01/2026;TARJETA *8353 AMAZON;03/01/2026;-31,69;2.208,54;;;;;;;;;;;;;;;;;;;;
;;05/01/2026;TARJETA *8353 CONSUM AVDA DEL PUERTO;03/01/2026;-106,03;2.240,23;;;;;;;;;;;;;;;;;;;;
;;05/01/2026;TARJETA *8353 AMAZON;02/01/2026;-99,52;2.346,26;;;;;;;;;;;;;;;;;;;;
;;02/01/2026;DEVOLUCION TARJ. *8353 MGP*VINTED VILNIU;31/12/2025;8,54;2.445,78;;;;;;;;;;;;;;;;;;;;
;;02/01/2026;TARJETA *0085 MERCADONA AVDA.BALEARES;02/01/2026;-42,19;2.437,24;;;;;;;;;;;;;;;;;;;;
;;02/01/2026;R/ IBERDROLA CLIENTES, S.A.U;02/01/2026;-70,28;2.479,43;;;;;;;;;;;;;;;;;;;;
;;02/01/2026;TARJETA *8353 HOTEL VILLA DE GOR;01/01/2026;-51,50;2.549,71;;;;;;;;;;;;;;;;;;;;
;;02/01/2026;TARJETA *8353 E.S. EL TEJAR;01/01/2026;-8,55;2.601,21;;;;;;;;;;;;;;;;;;;;
